-- phpMyAdmin SQL Dump
-- version 4.9.7
-- https://www.phpmyadmin.net/
--
-- Servidor: localhost:3306
-- Tiempo de generación: 30-11-2022 a las 10:33:53
-- Versión del servidor: 5.7.23-23
-- Versión de PHP: 7.4.30

SET SQL_MODE = "NO_AUTO_VALUE_ON_ZERO";
SET AUTOCOMMIT = 0;
START TRANSACTION;
SET time_zone = "+00:00";


/*!40101 SET @OLD_CHARACTER_SET_CLIENT=@@CHARACTER_SET_CLIENT */;
/*!40101 SET @OLD_CHARACTER_SET_RESULTS=@@CHARACTER_SET_RESULTS */;
/*!40101 SET @OLD_COLLATION_CONNECTION=@@COLLATION_CONNECTION */;
/*!40101 SET NAMES utf8mb4 */;

--
-- Base de datos: `acade110_frontera`
--

-- --------------------------------------------------------

--
-- Estructura de tabla para la tabla `bono`
--

CREATE TABLE `bono` (
  `idbono` int(11) NOT NULL,
  `idmatricula` int(11) NOT NULL,
  `idusuario` int(11) NOT NULL,
  `tipo_bono` varchar(11) NOT NULL,
  `bono` int(11) NOT NULL,
  `fecha_registro` datetime NOT NULL DEFAULT CURRENT_TIMESTAMP,
  `observacion` varchar(40) NOT NULL,
  `estado` tinyint(1) NOT NULL
) ENGINE=InnoDB DEFAULT CHARSET=utf8;

--
-- Disparadores `bono`
--
DELIMITER $$
CREATE TRIGGER `tr_udpBono` AFTER INSERT ON `bono` FOR EACH ROW BEGIN
    IF NEW.`tipo_bono`='cuota'
        THEN
        UPDATE matricula SET pagado = pagado + NEW.bono
        WHERE matricula.idmatricula = NEW.idmatricula;
    ELSEIF NEW.`tipo_bono`='semestral'
        THEN
        UPDATE matricula SET pagado = pagado + (precio_mes*6)
        WHERE matricula.idmatricula = NEW.idmatricula;
    ELSEIF NEW.`tipo_bono`='seguro'
        THEN
        UPDATE matricula SET seguro = 1
        WHERE matricula.idmatricula = NEW.idmatricula;
    END IF;
END
$$
DELIMITER ;
DELIMITER $$
CREATE TRIGGER `tr_udpBonoAnulado` BEFORE UPDATE ON `bono` FOR EACH ROW BEGIN
    IF OLD.`tipo_bono`='cuota'
        THEN
        UPDATE matricula SET pagado = pagado - OLD.bono
        WHERE matricula.idmatricula = OLD.idmatricula;
    ELSEIF OLD.`tipo_bono`='semestral'
        THEN
        UPDATE matricula SET pagado = pagado - (precio_mes*6)
        WHERE matricula.idmatricula = OLD.idmatricula;
    ELSEIF NEW.`tipo_bono`='seguro'
        THEN
        UPDATE matricula SET seguro = 0
        WHERE matricula.idmatricula = OLD.idmatricula;
    END IF;
END
$$
DELIMITER ;

-- --------------------------------------------------------

--
-- Estructura de tabla para la tabla `estudiante`
--

CREATE TABLE `estudiante` (
  `idestudiante` int(11) NOT NULL,
  `idusuario` int(11) NOT NULL,
  `nombre` varchar(40) DEFAULT NULL,
  `apellido` varchar(40) DEFAULT NULL,
  `fecha_nacimiento` date DEFAULT NULL,
  `lugar_nacimiento` varchar(40) DEFAULT NULL,
  `tipo_documento` varchar(40) DEFAULT NULL,
  `numero_documento` varchar(40) DEFAULT NULL,
  `fecha_expedicion` date DEFAULT NULL,
  `lugar_expedicion` varchar(40) DEFAULT NULL,
  `direccion_residencia` varchar(50) DEFAULT NULL,
  `telefono` varchar(13) DEFAULT NULL,
  `correo` varchar(40) DEFAULT NULL,
  `sangre` varchar(5) DEFAULT NULL,
  `acudiente` varchar(50) DEFAULT NULL,
  `telefono_acudiente` varchar(11) DEFAULT NULL,
  `observacion` varchar(150) DEFAULT NULL,
  `fecha_registro` datetime NOT NULL DEFAULT CURRENT_TIMESTAMP,
  `condicion` tinyint(4) DEFAULT '1'
) ENGINE=InnoDB DEFAULT CHARSET=utf8;

--
-- Volcado de datos para la tabla `estudiante`
--

INSERT INTO `estudiante` (`idestudiante`, `idusuario`, `nombre`, `apellido`, `fecha_nacimiento`, `lugar_nacimiento`, `tipo_documento`, `numero_documento`, `fecha_expedicion`, `lugar_expedicion`, `direccion_residencia`, `telefono`, `correo`, `sangre`, `acudiente`, `telefono_acudiente`, `observacion`, `fecha_registro`, `condicion`) VALUES
(10, 1, 'FIAMA KATHERINE', 'RIVAS', '1996-08-27', '142', 'CC', '1116804781', '2014-11-19', '142', 'CARRERA 17 # 16-32 Cordoba', '3026554302', 'kateisam_15@hotmail.com', '0+', '', '', NULL, '2022-02-16 00:00:00', 1),
(11, 1, 'GREILYS FABIANA', 'CONTRERAS RIVAS', '2005-11-02', '142', 'CC', '1116778784', '2013-04-26', '142', 'CARRERA 17 #23-32 Cordoba', '3172310757', 'fabianarivas889@gmail.com', '0+', '', '', NULL, '2022-03-15 00:00:00', 1),
(12, 1, 'JENIFER ALEJANDRA', 'MARTINEZ', '1994-10-14', '142', 'CC', '1007379776', '2013-02-20', '142', 'CARRERA 31 # 19-010 El Porvenir', '3125353477', '', 'A+', 'MARISOL MARTINEZ', '3125353477', NULL, '2022-03-12 00:00:00', 1),
(13, 1, 'SHLSIN JULIANA', 'MARTINEZ', '2001-03-01', '142', 'CC', '1007896563', '2019-03-12', '142', 'CARRERA 39#19-10 El Porvenir', '3168371141', '', '0+', 'MARISOL MARTINEZ', '3125353467', NULL, '2022-02-12 00:00:00', 1),
(14, 1, 'SANDRA PAOLA', 'GARCIA RUIZ', '2004-01-25', '142', 'CC', '5921649', '0000-00-00', '142', 'CALLE 24 CARRERA 29 # 02 Caba?as del R?o', '3102781492', '', '0+', 'JHOANA RUIZ', '3207406209', NULL, '2022-02-28 00:00:00', 1),
(15, 1, 'CIDYS', 'LOPEZ URQUIJO', '1977-10-16', '142', 'CC', '68203786', '1996-03-06', '142', 'CARRERA 24 3 1 -14 FUNDADORES', '3203275798', 'lopezcidy@gmail.com', '0+', 'DAYANA ESCOBAR', '32193496598', NULL, '2022-02-14 00:00:00', 1),
(16, 1, 'ANDRES FELIPE', 'SUAREZ RONDON', '2002-07-18', '142', 'CC', '1006476412', '2020-07-22', '142', 'CALOLE 17 # 4 - 44 UNION', '3228225348', '', 'B+', 'GLORIA CECILIA RONDON', '3202105429', NULL, '2022-02-14 00:00:00', 1),
(17, 1, 'ERIKA TATIANA', 'CUPIDO CASTELLANOS', '2001-09-08', '142', 'CC', '1006454241', '2019-09-19', '142', ' ', '3223962962', 'ennacupidocastellanos@gmail.com', 'a+', 'carmen castellanos', '3219221534', NULL, '2022-03-01 00:00:00', 1),
(18, 1, 'LISETH KATHERINE', 'BARAJAS GRANADOS', '2002-07-03', '142', 'CC', '1005060803', '2020-08-05', '142', ' FUNDADORES', '3213134374', 'guasimas_10@hotmail.com', 'A+', 'GLORIA GRANADOS', '3145533316', NULL, '2022-01-18 00:00:00', 1),
(19, 1, 'ORIANNY ALEJANDRA', 'ONTIVEROS ZERPA', '2001-12-31', '142', 'CC', '1116772856', '2020-01-07', '142', 'MANZANA 3 CASA 4 Urb. El Horcon', '3229966060', 'veraaleja006@gmail.com', 'O+', 'BEYANITH AVENDA?O', '3167396500', NULL, '2022-02-14 00:00:00', 1),
(20, 1, 'XIMENA', 'ARANA MOJICA', '1998-02-22', '142', 'CC', '1007336653', '2016-09-24', '142', ' MATE GALLINA', '3228957674', 'ximena1920_@hotmail.com', 'O+', '', '', NULL, '2022-02-16 00:00:00', 1),
(21, 1, 'NARLY SHARITH', 'CRUZ RICO', '2001-07-11', '142', 'CC', '1007395042', '2019-07-22', '142', ' Miramar', '3208004473', 'narlycruz@gmail.com', 'O+', '', '', NULL, '2022-01-28 00:00:00', 1),
(22, 1, 'LUDYS PAOLA', 'BALTA NAVEA', '1990-05-26', '142', 'CC', '1116787556', '2006-06-26', '142', 'CALLE 27 # 21-44 Miramar', '3124123510', 'sofi0526@hotmail.com', 'O+', 'DAGOBERTO VEGA', '3142331029', NULL, '2022-02-10 00:00:00', 1),
(23, 1, 'JUAN DAVID', 'ROJAS ALDANA', '2004-11-22', '142', 'CC', '1117132300', '2014-01-14', '142', 'CALLE  14 B # 40A - 16 Pedro Nel Jim?nez', '3164164811', '', 'A+', 'WILMA ALDANA BARRERA', '3209419099', NULL, '2022-03-01 00:00:00', 1),
(24, 1, 'SORYS JULIETH', 'PARALES ROMERO', '1999-09-25', '142', 'CC', '1116812218', '2017-09-27', '142', 'MANZANA 11 LOTE 18 BRISAS DEL Llano', '3223964973', 'yinnethtaisho23@gmail.com', 'A+', 'CARMEN ROMERO', '3125279888', NULL, '2022-02-22 00:00:00', 1),
(25, 1, 'LUZ MELY', 'MARQUEZ NAVARRO', '1985-01-22', '142', 'CC', '1066082543', '2004-05-10', '142', 'TORRE 26 APARTAMENTO 402 PLAYITA', '3176742915', 'marqueznavarroluzmely@gmail.com', '0+', 'LUIS ADRIANO DIAZ', '3013955655', NULL, '2022-02-22 00:00:00', 1),
(26, 1, 'KENDRI YULIANA', 'LUNA BLANCO', '2003-03-27', '142', 'CC', '1116772249', '2021-04-22', '142', 'MANZANA 2 LOTE 4 BRISAS DEL LLANO', '3102477593', '', '0+', 'NEIDIS ADRIANA BLANCO', '3102477543', NULL, '2022-02-18 00:00:00', 1),
(27, 1, 'YUREIDY DANIELA', 'MORALES ALVAREZ', '2004-05-03', '142', 'CC', '1115722047', '2019-01-08', '142', 'CARRERA 35 A # 14 - 61 BOSQUE', '3102368231', 'yureidymorales2@gmail.com', 'AB', 'DIEGO ALEJANDRO ALVAREZ', '3132554329', NULL, '2022-02-18 00:00:00', 1),
(28, 1, 'JUAN CARLOS DE LA CRUZ', 'BAUTISTA DOMINGUEZ', '2002-04-28', '142', 'CC', '1006455132', '2020-06-10', '142', ' ', '3127981996', 'chachoski25@gmail.com', '0+', '', '', NULL, '2022-02-16 00:00:00', 1),
(29, 1, 'ERIKA DANIELA', 'ESPINOSA RODRIGUEZ', '1997-03-09', '142', 'CC', '2000002320', '2021-01-05', '142', 'MONSERRATE ', '3214411918', 'danielaespinosarodriguez243@gmail.com', '0+', 'WILLIAM ESPINOSA', '3219828255', NULL, '2022-02-14 00:00:00', 1),
(30, 1, 'AMAURY JAQUELINE', 'MONTOYA ROSA', '1972-08-20', '142', 'CC', '68290003', '1990-12-11', '142', 'MONSERRATE ', '3222535922', 'ebriana1972@gmail.com', '0+', 'WILLIAM ESPINOSA', '', NULL, '2022-02-14 00:00:00', 1),
(31, 1, 'CONSUELO', 'GONZALEZ PUENTE', '1990-12-28', '142', 'CC', '1005451848', '2009-01-05', '142', 'TORRE 11 APARTAMENTO 404 PLAYITAS', '3132385546', 'ruizn0185@gmail.com', 'A+', 'FLOR MARIA PUENTE', '3103088019', NULL, '2022-02-14 00:00:00', 1),
(32, 1, 'NATALIA ANDREA', 'GEREDA RAMON', '2002-12-20', '142', 'CC', '1006455547', '2021-01-20', '142', 'CALLE 1 A # 23 - 25 VILLA DEL PRADO', '3204135533', 'nataliaandreagerada@gmail.com', 'B+', 'SANDRA RAMON', '3223367219', NULL, '2022-02-14 00:00:00', 1),
(33, 1, 'LUZ DARY', 'ROJAS CAMPO', '1993-07-20', '142', 'CC', '1116796663', '2011-09-06', '142', 'CALLE 24 # 30 - 12 Caba?as del R?o', '3152547955', 'luzdarydeimer@gmail.com', '0+', 'AURA ALEJANDRA ROJAS', '3183221401', NULL, '2022-02-14 00:00:00', 1),
(34, 1, 'YALITZA', 'ARIZA JALABE', '1978-02-16', '142', 'CC', '37556009', '1996-06-18', '142', 'MANZANA C CASA 14 Altos de la Sabana', '3124017980', 'YALITZARIZA@GMAIL.COM', '0+', 'DIEGO CORREA', '3164626880', NULL, '2021-02-14 00:00:00', 1),
(35, 1, 'ANGIE JHUREINY', 'GAMBOA APACHE', '2001-05-05', '142', 'CC', '1006407465', '2019-06-27', '142', 'CARRERA 41 # 15 b - 49 Pedro Nel Jim?nez', '3158739692', 'gamboaapacheangie@gmail.com', '0+', 'AURORA APACHE', '3204937489', NULL, '2021-02-14 00:00:00', 1),
(36, 1, 'TANIA', 'CARRERO TINEO', '2002-07-15', '142', 'CC', '1006455505', '2020-08-06', '142', ' Urb.Villa Cecilia', '3138290532', '', 'A+', 'JOEL CARRERO', '3222710773', NULL, '2022-02-15 00:00:00', 1),
(38, 1, 'JULIO CESAR', 'MARQUEZ HURTADO', '1994-04-24', '142', 'CC', '1116798727', '2012-06-13', '142', 'CALLE 18 MANZANA 5 BLOQUE 5 TORRE 9 Urb. Los Saban', '3223913997', 'JCM33715@GMAIL.COM', '0+', 'BLANCA AURORA HURTADO', '3223913997', NULL, '2021-02-14 00:00:00', 1),
(39, 1, 'YEFREY DANIEL', 'DELGADO SANMCHEZ', '2002-10-20', '142', 'CC', '1006455387', '2020-11-03', '142', 'CALLE 18 # 38 - A 60 PORVENIR', '3102751432', 'yefrey1520@gmail.com', '0+', 'OLGA YANETH SNCHEZ', '3213448105', NULL, '2021-02-14 00:00:00', 1),
(40, 1, 'KEVIN DAVID', 'ANDUEZA GAITAN', '2002-03-09', '142', 'CC', '1006476620', '0000-00-00', '142', 'CALLE 19 # 35 A - 25 Bulevar de la Ceiba', '3222540544', 'KEDAAN1212@GMAIL.COM', '0+', 'LILIANA ANDUEZA', '3124067320', NULL, '2021-02-14 00:00:00', 1),
(41, 1, 'ALEXANDRA', 'MURIEL PINEDA', '1996-08-17', '142', 'CC', '1121937051', '2014-08-20', '142', 'CARRERA 37 # 20 - 03 El Porvenir', '3173818750', '', '0+', 'EMILCE PINEDA', '3112264795', NULL, '2022-03-03 00:00:00', 1),
(42, 1, 'WENDY YULIANA', 'ROPERO ALARCON', '2004-08-15', '142', 'CC', '1116774813', '2018-01-31', '142', 'CALLE 24 CARRERA 29 -02 CABA?AS DEL RIO', '3102781357', '', '0+', 'SOLIMAR ROPERO', '3133358182', NULL, '2022-02-28 00:00:00', 1),
(43, 1, 'DARSY PATRICIA', 'CAMACHO VARON', '2004-11-16', '142', 'CC', '1116775537', '2019-01-10', '142', 'CARRERA 13 A # 27-61 SANTA FE', '3155062547', 'camachodarcy32@gmail.com', '0+', 'FABIOLA VARON', '3114882748', NULL, '2022-02-16 00:00:00', 1),
(44, 1, 'YEINI ODELIS', 'BONA HERNADEZ', '2001-10-29', '142', 'CC', '1006454720', '2019-11-15', '142', 'MANZANA 13 LOTE 3 BRISAS DEL LLANO', '3154420221', 'yeinis.hernandez@gmail.com', 'B+', 'DILIS HIDALGO', '3178773645', NULL, '2022-02-15 00:00:00', 1),
(45, 1, 'LAURA VALENTINA', 'VALBUENA HERNADEZ', '2001-08-14', '142', 'CC', '1000580696', '2019-09-02', '142', 'CALLE 21 # 31 A - 10 La Victoria', '3105712020', 'laurao814@gmail.com', '0+', 'BETRIZ HERNADEZ', '3102816762', NULL, '2022-02-09 00:00:00', 1),
(46, 1, 'KAROL MISHEL', 'ROPERO GALVAN', '2005-02-12', '142', 'CC', '1117132324', '2021-03-24', '142', 'CALLE 24 CARRERA 29 # 29-02 Caba?as del R?o', '3205737753', 'karolmishellroperogalvan@gmail.com', 'A+', '', '', NULL, '2022-01-24 00:00:00', 1),
(47, 1, 'LAURA KARINA', 'ESPINOSA LANCACHO', '1995-05-01', '142', 'CC', '1116801942', '2019-09-02', '142', 'CARRERA 27 CPON 28-05 Miramar', '3227995435', 'laurakarinaespinosalancacho@gmail.com', '0+', 'LEIDY SOLR', '3224316525', NULL, '2022-02-11 00:00:00', 1),
(48, 1, 'LAURA MARCELA', 'OJEDA CASTRO', '1998-09-28', '142', 'CC', '1116809459', '2016-10-19', '142', 'CASA 12 Urb. Las Palmeras', '3206464233', 'la.uris24@hotmail.com', '0+', 'ALBA QUINTERO', '', NULL, '2022-01-14 00:00:00', 1),
(49, 1, 'DIEGO ELICEO', 'HIDALGO RUIZ', '2001-11-11', '142', 'CC', '1006454588', '2019-12-02', '142', 'CALLE 26 A # 21-11 Miramar', '3114875390', 'dr1006454588@gmail.com', '0+', 'MARIANGEL RUIZ', '3138603747', NULL, '2022-02-10 00:00:00', 1),
(50, 1, 'MANUEL ALEJANDRO', 'JIMENEZ BOHORQUEZ', '1995-12-05', '142', 'CC', '1116802768', '2013-12-27', '142', 'CALLE 14 # 36-18 Urb. el Bosque', '3175806576', 'manuelbohorquez@gmail.com', '0+', 'ADIELA BOHORQUEZ', '3152955129', NULL, '2022-02-10 00:00:00', 1),
(51, 1, 'DANILO', 'CARVAJAL PE?A', '1992-07-08', '142', 'CC', '1006629157', '2011-04-19', '142', 'CARRERA 58 # 24-58 Miramar', '3155468370', '', 'A+', 'CLARIBEL PE?A', '3176879210', NULL, '2022-03-23 00:00:00', 1),
(52, 1, 'CAROLINA', 'CARVAJAL PE?A', '1990-04-30', '142', 'CC', '1006629158', '2008-07-10', '142', 'CALLE 24 # 5 - 58 Miramar', '3185455999', '', '0+', 'JOSE CARVAJAL', '3158639305', NULL, '2022-03-23 00:00:00', 1),
(53, 1, 'ANGUIE JULIETH', 'ESPINOSA LINARES', '2001-02-17', '142', 'CC', '1007336632', '2019-05-03', '142', 'CALLE 28 A # 26-80 Libertadores', '3204101608', 'juliethespinosaq@gmail.com', 'A+', 'MIRIAN HERNANDEZ', '3142579340', NULL, '2022-02-03 00:00:00', 1),
(54, 1, 'GREICY CRISBEL', 'BOSCAN IBARRA', '2000-01-25', '142', 'CC', '1006971651', '2018-02-09', '142', 'CARRERA 40 D #19-05 1 de Enero', '324393210', 'greicy2000b@gmail.com', 'O+', 'CARLOS FERNANDO BOSCAN', '3012232591', NULL, '2022-02-03 00:00:00', 1),
(55, 1, 'JORGE ANDRES', 'VEGA CARDENAS', '2000-10-01', '142', 'CC', '1007896140', '2018-10-17', '142', 'CALLE 7 SUR #$24-32 OLIMPICO', '3222155267', 'jogevegacardenas501@gmail.com', '0+', 'LAIDY KARINE CARDENAS', '3187878673', NULL, '2022-02-08 00:00:00', 1),
(56, 1, 'EDGAR HERNANDO', 'PAREDES RAMIREZ', '1978-12-04', '142', 'CC', '86059026', '1997-05-21', '142', 'MANZANA A CASA 36 ', '3204991037', '', '0+', 'PATRICIA RINCON', '3214767218', NULL, '2022-02-09 00:00:00', 1),
(57, 1, 'FRDY JAVIER', 'MORA BLANCO', '2003-07-08', '142', 'CC', '1116773319', '2021-08-09', '142', 'CARRERA 6? # 19 - 37 Las Am?ricas', '3155437148', '', '0+', 'MARIBEL BLANCO', '3223222880', NULL, '2022-02-11 00:00:00', 1),
(58, 1, 'LEIDY ROSALI', 'MENDOZA', '1985-10-07', '142', 'CC', '821999907101985', '0000-00-00', '142', 'CALLE 14 # 40-14 Miramar', '3245886669', '', '', '', '', NULL, '2022-03-02 00:00:00', 1),
(59, 1, 'ALIRIO ESTEBAN', 'ASENCIO ROJAS', '2005-08-01', '142', 'CC', '1117132435', '2012-08-24', '142', ' MONSERRATE', '3152525494', '', 'B+', 'YOMAIRA ROJAS GONZALEZ', '315525494', NULL, '2022-02-21 00:00:00', 1),
(60, 1, 'YESSENIA ELVIRA', 'MARCHANT BATANCOURT', '1984-04-12', '142', 'CC', '17845587', '2010-06-08', '142', ' MONSERRATE', '3106597818', '', '0+', 'JOSE ANTONIO GALINDO', '3143393970', NULL, '2022-02-17 00:00:00', 1),
(61, 1, 'MARIA YANETH', 'GELVES PEREZ', '1983-06-10', '142', 'CC', '37391078', '2002-04-02', '142', 'CALLE 18 B # 35 - 24 Urb.Villa San Juan', '3148975559', 'mariayanethgelvez@gmail.com', '0+', 'JOSE ORTEGA', '3105063328', NULL, '2022-02-07 00:00:00', 1),
(62, 1, 'NUBIA ISABEL', 'VILLALOBOS MENDEZ', '2001-06-05', '142', 'CC', '1006455075', '2019-09-02', '142', ' MONSERRATE', '3182487538', '3228838108orana@gmail.com', 'O+', 'GUSTAVO DOMINGUEZ', '32321228647', NULL, '2022-02-14 00:00:00', 1),
(63, 1, 'MARYURY GREISMAR', 'HIDALGO', '2001-01-21', '142', 'CC', '1116822096', '2022-10-29', '142', 'CAR 24 # 25-126 Miramar', '3135395741', 'maryoryhidalgo0611@gmail.com', 'A+', 'HAROL MOSQUERA', '3202967107', NULL, '2022-02-11 00:00:00', 1),
(64, 1, 'BRAYAN STIVEN', 'VERA SANTIAGO', '2022-10-18', '142', 'CC', '1116789310', '2019-12-11', '142', 'CARRERA 41 # 18 A - 34 12 de Octubre', '3186841042', 'brayanverasantiago@gmail.com', 'O+', 'AIDE SANTIGO', '3102144234', NULL, '2022-02-10 00:00:00', 1),
(65, 1, 'GABRIEL EDUARDO', 'HERRERA GOMEZ', '2003-02-17', '142', 'CC', '1127919831', '2021-03-23', '142', 'CALLE 17 # 14 - 53 Cristo Rey', '3052896661', 'eduardoher170312@gmai.com', 'B+', 'ANA LILIANA HERRERA', '3233110918', NULL, '2022-01-25 00:00:00', 1),
(66, 1, 'MARY LUZ', 'SANABRIA PE?A', '1982-11-10', '142', 'CC', '68297447', '2000-12-28', '142', 'MANZANA 16 LOTE 19 BRISAS DEL LLANO', '3102265214', 'marseva1482@gmail.com', '0+', 'ORLANDO SANABRIA', '3156979563', NULL, '2022-01-08 00:00:00', 1),
(67, 1, 'SACHRIK SOFIA', 'PEREZ RUIZ', '2005-01-12', '142', 'CC', '1116776280', '2012-06-08', '142', 'CALLE 26 MA # 21 -13 Miramar', '3112011247', '', '0+', 'SOFIA RUIZ', '3115715931', NULL, '2022-03-02 00:00:00', 1),
(68, 1, 'MARIUSKA DARIANA', 'DIAZ URBINA', '1994-11-06', '142', 'CC', '5713465', '2021-12-14', '142', 'CARRERA 22 CASA 26-26 Miramar', '3232532272', 'marudiazu17@gmail.com', '', 'CARMEN URBINA', '3108066711', NULL, '2022-02-15 00:00:00', 1),
(69, 1, 'MARIA FERNADA', 'LASCARRA URIBE', '2003-08-19', '142', 'CC', '1192749561', '2021-08-31', '142', 'CARRERA 19 CALLE 2 - 174 Los Fundadores', '3222218887', '', '0+', 'YANETH URIBE', '3115940492', NULL, '2022-02-28 00:00:00', 1),
(70, 1, 'JHAIRETH ALESANDRA', 'POSSO NI?O', '1997-06-09', '142', 'CC', '1116806270', '2015-06-18', '142', ' SAN VICENTE', '3163408035', '', '0+', '', '', NULL, '2022-01-31 00:00:00', 1),
(71, 1, 'KIVER FABRIANNY', 'TINEO BALTA', '1990-06-09', '142', 'CC', '1116787726', '2008-07-09', '142', ' ', '3219180537', '', '0+', '', '', NULL, '2022-02-03 00:00:00', 1),
(72, 1, 'MARIA CAMILA', 'CAILE GARRIDO', '2004-02-25', '142', 'CC', '1116773133', '2018-09-10', '142', 'CARRERA 14 # 25-55 UNION', '3135240941', 'cailegarridog@gmail.com', '0+', 'MUGUEL ANTONIO GARRIDO', '3224325223', NULL, '2022-02-02 00:00:00', 1),
(73, 1, 'RUBIELA', 'PINZON SERRANO', '1991-10-02', '142', 'CC', '1125762537', '2015-08-20', '142', 'CALLE 17 # 27 - 52 Los Guarataros', '3102718998', 'rubielittapinzon2708@gmail.com', 'A+', 'RAMON JAIR VILLAMIZAR', '3128452640', NULL, '2022-02-01 00:00:00', 1),
(74, 1, 'JENNY LILIANA', 'GALINDO DOMINGUEZ', '1987-03-08', '142', 'CC', '1116782150', '2006-12-21', '142', 'MONSERRATE', '3188521357', '', '0+', 'ANGELICA OYOLA', '', NULL, '2022-01-17 00:00:00', 1),
(75, 1, 'MAGDA VICTORIA', 'TINOCO GOMEZ', '1989-08-29', '142', 'CC', '1116784736', '2007-09-17', '142', 'CARREA 29 # 16-21 GUARATAROS', '3108878786', 'ragaali03@gmail.com', '0+', 'JAIR CEBALLOS', '3158149104', NULL, '2022-02-17 00:00:00', 1),
(76, 1, 'XIOMARA DEL CARMEN', 'ROA CASTRO', '1990-11-02', '142', 'CC', '8,43E+14', '2020-08-08', '142', ' ', '3134850155', 'xiomararoa6@gmail.com', '0+', 'ENGRI PE?A', '3182013768', NULL, '2022-02-14 00:00:00', 1),
(77, 1, 'FERLEY SNEIDER', 'VELE?O PEREZ', '2022-11-14', '142', 'CC', '1116776044', '2016-10-13', '142', 'CARRERA 24 # 26A 09 Miramar Frontera', '31184272702', 'ferleyvele?o14.11@gmail.com', '0+', 'DIEGO FERNANDO CRUZ', '3102263372', NULL, '2022-02-16 00:00:00', 1),
(78, 1, 'ENGRID LILIBETH', 'PE?A CASTRO', '1995-10-21', '142', 'CC', '871067', '2018-08-27', '142', ' ', '3182013769', 'engreicy02@gmail.com', '', '', '', NULL, '2022-02-15 00:00:00', 1),
(79, 1, 'LUIS DANIEL', 'ROPERO  VASQUEZ', '2004-01-29', '142', 'CC', '1116772533', '2022-02-15', '142', 'CALLE 23 # 9-07 UNION', '3224059210', 'danielctivovropero@gmail.com', 'A-', '', '', NULL, '2022-02-18 00:00:00', 1),
(80, 1, 'MONICA ERLY', 'CAMACHO GOMEZ', '1997-10-01', '142', 'CC', '1232588864', '2016-11-11', '142', ' ', '', '', '', '', '', NULL, '2022-02-14 00:00:00', 1),
(81, 1, 'GISELL DAYANA', 'PALENCIA CAMEJO', '1998-12-28', '142', 'CC', '1116809963', '2017-01-02', '142', 'CALLE 7? # 8 - 269 San Carlos', '3224661218', 'giselldayanap@gmail.com', 'A+', 'CARMEN CAMEJO', '3104535460', NULL, '2022-02-14 00:00:00', 1),
(83, 1, 'MEYSON NICOLAY', 'ALARCON HERNANDEZ', '2002-12-09', '142', 'CC', '1006455537', '2021-05-14', '142', 'CARRERA 41 # 19-51 1 de Enero', '3133150964', 'meysonhernandez@gmail.com', 'O+', 'ADORCINDA HERNANDEZ', '3133150964', NULL, '2022-02-14 00:00:00', 1),
(84, 1, 'EDITH MARYOLIS', 'CORREA LOZADA', '1990-05-24', '142', 'CC', '1116787197', '2008-05-27', '142', 'CALLE 24 # 25 -108 Caba?as del R?o', '3187861785', 'susanacorrea3110@gmail.com', 'A+', 'IRALI LOZADA', '3152557182', NULL, '2022-02-08 00:00:00', 1),
(85, 1, 'MAHIKOL ADOLFO', 'ARELLANO RAMIREZ', '1993-08-14', '142', 'CC', '1116796579', '2011-08-29', '142', 'CALLE 20 # 15-67 Cristo Rey', '3107249955', 'mahikol19308@hotmail.com', 'O+', 'EDID ACOSTA GUERRERO', '3193021004', NULL, '2022-02-08 00:00:00', 1),
(86, 1, 'YEIVER ADAN', 'LOYOLA CASTA?EDA', '1999-06-21', '142', 'CC', '1116811629', '2017-07-17', '142', 'MANZANA 6 CASA 2 Urb. El Horcon', '3187020110', '', 'O+', 'ILSA YADIRA CASTA?EDA', '3213150408', NULL, '2022-03-09 00:00:00', 1),
(87, 1, 'SANTIAGO', 'GUTIERREZ AREVALO', '2005-10-31', '142', 'CC', '1095793856', '2013-03-04', '142', 'CALLE N23# 06-05 Uni?n', '3163459948', '', 'AB+', 'MARIANA GUTIERREZ', '3153409948', NULL, '2022-03-19 00:00:00', 1),
(88, 1, 'FANNY FABIOLA', 'NIEVES GARRIDO', '1987-05-25', '142', 'CC', '1116777020', '2005-06-08', '142', 'CALLE 2 A # 23-43 VILLA DEL PRADO', '3138938492', 'fannyfabiolanievesgarrido2597@gmail.com', 'A+', 'CARLOS FERNANDO LOPEZ', '3152831797', NULL, '2022-02-11 00:00:00', 1),
(89, 1, 'MILAGRO DAYANA', 'CORONEL MERCADO', '1996-08-16', '142', 'CC', '1116820786', '2020-01-02', '142', 'CALLE 18 D # 40-58 1 de Enero', '3218832674', 'milagrocoronel96@gmail.com', 'B+', 'DEIBI ALFREDO CORONEL', '3243103916', NULL, '2022-02-10 00:00:00', 1),
(90, 1, 'KIMBERLIN LORAINE', 'GONZALEZ ESPITIA', '1999-12-29', '142', 'CC', '1005186211', '2018-01-04', '142', 'CALLE 18 D # 40-58 1 de Enero', '3103101825', 'lorainespitia1994@gmail.com', '0+', 'DEIBI ALFREDPOO CORONEL', '3243103916', NULL, '2022-02-10 00:00:00', 1),
(91, 1, 'PEDRO LUIS', 'MARTINEZ CRODERO', '2003-08-03', '142', 'CC', '8,35E+14', '2020-08-06', '142', 'CALLE 19 # 26-67 LA Esperanza', '3266655236', 'plmc2003@gmail.com', '0+', 'ROSA GISELLA CORDERO', '3188135263', NULL, '2022-02-12 00:00:00', 1),
(92, 1, 'EMELI VANESSA', 'MARTINEZ HIDALGO', '2022-03-04', '142', 'CC', '1006454818', '2020-10-02', '142', 'CALLE 19 B # 42 - 44 1 de Enero', '3132030934', 'emelyuanemart02@gmai.com', 'B+', 'JHONI TINEO', '3106773819', NULL, '2022-02-11 00:00:00', 1),
(93, 1, 'SANDIS MARIA', 'RINCON GARCIA', '2002-04-05', '142', 'CC', '1116783094', '2020-06-16', '142', 'MANZANA 13 LOTE 13 BRISAS DEL ,LLANO', '3213796854', '', 'O+', 'ANDIS GLIMAR RINCON', '3209823373', NULL, '2022-02-10 00:00:00', 1),
(94, 1, 'LUZ ALEIDA', 'MADINA DIAZ', '1988-09-30', '142', 'CC', '1116495400', '2008-11-14', '142', 'CALLE 13 # 36 A 62 BOSQUE', '3214879501', '', 'A+', 'ALBERTINA DIAZ', '3156059948', NULL, '2022-02-15 00:00:00', 1),
(95, 1, 'NEIDY JOHANA', 'FLOREZ INFANTE', '1987-10-03', '142', 'CC', '1116778314', '2005-10-24', '142', ' Brisas del Arauca', '3103357871', 'neghoinflorez@gmail.com', 'A+', '', '', NULL, '2022-02-16 00:00:00', 1),
(96, 1, 'JORDDY JHOAD', 'HIDALGO VARGAS', '1994-04-13', '142', 'CC', '1116798342', '2012-04-19', '142', ' Mata de Venado', '3153437246', 'jorddy.hidalgo06@gmail.com', '0+', '', '', NULL, '2022-02-19 00:00:00', 1),
(97, 1, 'MARIA DE LOS ANGELES', 'DIAZ TERAN', '1997-03-17', '142', 'CC', '26075227', '2016-10-05', '142', 'CARRERA 23 # 1 -64 Los Fundadores', '3158424278', '', 'O+', 'JESUS ARANA', '3214585497', NULL, '2022-03-07 00:00:00', 1),
(98, 1, 'ERIKA FERNANDA', 'MAHECHA FRANCO', '1999-09-07', '142', 'CC', '1007167929', '2018-01-30', '142', ' Urb. villa del Prado', '', 'mahechafranco@gmail.com', 'O+', 'YEIMY FRANCO', '3112083394', NULL, '2022-02-12 00:00:00', 1),
(99, 1, 'SANDRA ROCIO', 'MARTINEZ DIAZ', '1969-11-25', '142', 'CC', '63368300', '1990-09-28', '142', 'CALLE 26 # 22-29 Miramar', '', 'sandymar25@hotmail.com', 'O+', 'ADOLFO ROPERO', '3173009091', NULL, '2022-02-11 00:00:00', 1),
(100, 1, 'CAROL STEFANY', 'AGUIRRE VIVAS', '2001-02-06', '142', 'CC', '1006476722', '2019-02-20', '142', ' Mata de Venado', '3043655653', 'carolstefanyaguirre@gmail.com', 'O+', 'JAVIER MORA', '3187426590', NULL, '2022-02-19 00:00:00', 1),
(101, 1, 'YESICA LISETH N', 'ALFONSO MU?OZ', '1993-01-03', '142', 'CC', '1090460588', '2011-03-07', '142', 'CARRERA 16 # 27 - 98 SAN LUIS', '3214609871', 'munozjesika019@gmail.com', 'O+', 'DORALBA MU?OZ', '3223639813', NULL, '2022-02-14 00:00:00', 1),
(102, 1, 'MAYERLI ZULAY', 'GUERRERO DURAN', '2003-01-09', '142', 'CC', '5935126', '2022-01-18', '142', 'LOTE 14 EL  RECREO', '3144172974', 'mayerliguerrero@gmail.com', 'o+', 'LEIDY DURAN CEPULVEDA', '3188561641', NULL, '2022-01-27 00:00:00', 1),
(103, 1, 'DANNA DARIANA', 'FLOREZ ACOSTA', '2003-10-29', '142', 'CC', '1007953726', '2021-11-10', '142', 'CARRERA 24 # 1 -33 FUNDADORES', '3104565783', 'darianaacosta178@gmail.com', 'o+', 'YARIMA ACOSTA', '3123472531', NULL, '2022-02-10 00:00:00', 1),
(104, 1, 'KIMBERLYN DAYANA', 'ROJAS REINA', '1997-09-11', '142', 'CC', '1116806983', '2015-09-29', '142', 'MAZANA 2 CASA 14 EL ARAUCO', '3232456530', 'kimberlynrojas648@gmail.-com', 'O+', 'YESID ROMERO', '3112691717', NULL, '2022-03-28 00:00:00', 1),
(105, 1, 'CINDY JOHANA', 'GUARIN ESPEJO', '1988-10-21', '142', 'CC', '1116781988', '2006-12-07', '142', 'CALLE 26 B # 23 - 46 Miramar', '3219902416', 'johanaespejo21@gmail.com', 'O+', 'YURLEY PACHECO', '3213788912', NULL, '2022-02-26 00:00:00', 1),
(106, 1, 'ANA MILENA', 'RUIZ BALTA', '1983-08-30', '142', 'CC', '68298053', '0000-00-00', '142', 'CALLE 23 # 22-43 7 de Agosto', '3226414847', 'rubanamile301@hotmail.com', 'O+', 'JADER JOSE SIERRA', '3125476754', NULL, '2022-02-08 00:00:00', 1),
(107, 1, 'CAMILA ANDREA', 'MARTINEZ RUIZ', '2005-04-13', '142', 'CC', '1137179112', '2019-08-13', '142', 'CARRERA 14 #13-17 Meridiano 70', '', '', 'O+', 'SHIRLEY JOHANA DORIA', '3204678371', NULL, '2022-02-12 00:00:00', 1),
(108, 1, 'RICARDO', 'PADILLA RUIZ', '1999-07-09', '142', 'CC', '1116811588', '2017-07-11', '142', 'MANZANA 7 CASA 3 Costa Hermosa', '3137975331', '', 'O+', 'YEMELI RUIZ', '3108507886', NULL, '2022-03-11 00:00:00', 1),
(109, 1, 'DILMA NOHEMI', 'ARAUJO DIAZ', '1980-08-25', '142', 'CC', '', '2008-02-07', '142', 'CARRERA B 10 # 18-62 Las Am?ricas', '3212530417', '', 'A+', 'NILSON GONZALEZ', '3175466616', NULL, '2022-02-14 00:00:00', 1),
(110, 1, 'WENDY VANESSA', 'MORA MARIN', '2003-11-10', '142', 'CC', '1126707755', '2021-11-23', '142', ' MONSERRATE', '3205708555', '', 'A+', 'ALEXANDRA MARIN', '', NULL, '2022-03-24 00:00:00', 1),
(111, 1, 'YEISY MIRLANIS', 'LOPEZ SINIVA', '2003-12-19', '142', 'CC', '1116776591', '2022-01-19', '142', 'AVENIDA 5? CALLE 19 # 4 -11 ', '3188964235', 'lopezyeisy928@gmail.com', 'O+', 'MARIA SINIVA', '3157226270', NULL, '2022-03-04 00:00:00', 1),
(112, 1, 'LILIANA', 'PEREZ ORTEGA', '1972-05-08', '142', 'CC', '27833510', '1990-10-26', '142', ' MONSERRATE', '', '', '0+', '', '', NULL, '2021-02-28 00:00:00', 1),
(113, 1, 'DAIRA ALEXANDRA', 'ACOSTA LOPEZ', '2007-01-03', '142', 'CC', '', '2015-01-14', '142', 'CARRERA 20 # 16-12 LOS FUNDADORES', '3124099491', 'aguilaralejandra@gmail.com', 'A+', 'ANA MILENA LOPEZ NAVARRO', '32040444998', NULL, '2022-02-01 00:00:00', 1),
(114, 1, 'SHIRLY PAOLA', 'MORALES MACIAS', '1988-01-17', '142', 'CC', '1079885648', '2010-02-01', '142', 'CALLE 22 # 22-38 7 de Agosto', '3137006586', '', '0+', '', '', NULL, '2022-03-01 00:00:00', 1),
(115, 1, 'JOSE ANTONIO', 'GALINDO GALINDEZ', '1977-05-07', '142', 'CC', '17591068', '1995-06-08', '142', ' MONSERRATE', '', 'josegalindo7730houtlok.com', 'O+', '', '', NULL, '2022-02-17 00:00:00', 1),
(116, 1, 'DEYSI LORENA', 'BAJALO HERNANDEZ', '2000-01-15', '142', 'CC', '1007416197', '2018-01-23', '142', ' MATA DE GALLINA', '3134868320', 'lorena021hernandez@gmail.com', 'O+', 'FERNY GARCIA', '3112640247', NULL, '2022-02-18 00:00:00', 1),
(117, 1, 'CARLOS JAVIER', 'ACEVEDO TOCARIA', '1987-09-24', '142', 'CC', '1116778423', '2005-11-03', '142', 'CALLE 21 # 14 - 36 Las Am?ricas', '3168561212', 'a.ce.kato@hotmail.com', 'O+', 'ANA GUERRERO', '3207398058', NULL, '2022-02-09 00:00:00', 1),
(118, 1, 'MARIA GABRIELA', 'PEREZ MU?OZ', '2000-11-24', '142', 'CC', '818098', '2021-05-26', '142', ' FUNDADORES', '3165398007', 'itzayanadanae2020@gmail.com', 'O+', '', '', NULL, '2022-02-19 00:00:00', 1),
(119, 1, 'LUIS FRANCISCO', 'ACEVEDO GALINDEZ', '1993-06-23', '142', 'CC', '1116796216', '2011-07-13', '142', 'CARRERA 18 # 25 - A - 36 SAN LUIS', '3214668403', 'luisangelacevedo23@gmail.com', 'O+', '', '', NULL, '2022-02-10 00:00:00', 1),
(120, 1, 'EMELY JULIETH', 'MEJIA LOZADA', '2003-02-24', '142', 'CC', '1006455866', '2021-02-25', '142', 'CARRERFA 31 B # 20-34 VILLA SAN JUAN', '3216436801', 'LOZADJULIETH05@GMAIL,COM', '0+', 'NANCY LOZADA', '3175528189', NULL, '2022-02-16 00:00:00', 1),
(121, 1, 'EVELIS', 'BALETA RESTREPO', '1993-02-07', '142', 'CC', '1046428890', '2011-02-08', '142', 'CALLE 5 CASA 149 Uni?n', '3107238123', 'evelisbaletarestrepo@gmail.com', '0+', 'LEONARDO CARRASQUERA', '3144275130', NULL, '2022-05-31 00:00:00', 1),
(122, 1, 'KAIRA MARIA', 'CARDENAS GARCIA', '1986-06-20', '142', 'CC', '1116774548', '2004-08-17', '142', 'CARRERA 33 # 19 A Urb.Villa San Juan', '3187432568', 'cardenaskaira79@gmail.com', 'O+', 'FABIO BENAVIDES', '3124162844', NULL, '2022-05-31 00:00:00', 1),
(123, 1, 'STEFANY MILAGRO', 'MERCADO ESTRADA', '1996-12-31', '142', 'CC', '25316839', '2017-10-30', '142', 'MANZA B CASA 5 Mata de Venado', '3153917410', 'stefanymercadox96@gmail.com', 'o+', 'FRANCISCO JAVIER MENDOZA', '3125976738', NULL, '2022-05-31 00:00:00', 1),
(124, 1, 'ERIKA DANIELA', 'MORENO VARGAS', '1999-05-05', '142', 'CC', '1116504060', '2017-05-12', '142', 'CARRERA 36 3 18 c 25 Bulevar de la Ceiba', '3137985348', 'em667108@hotmail.com', 'O+', 'MARIA EGUENIA AGUILAR', '3164971901', NULL, '2022-05-31 00:00:00', 1),
(126, 1, 'LUZ BELIA', 'MARTINEZ DUARTE', '1980-10-16', '142', 'CC', '36725981', '2000-10-17', '142', ' MONCERRATE', '3214463802', 'luzbemd36@hotmail.com', 'O+', 'KELLY JIMENEZ', '3214875390', NULL, '2022-06-01 00:00:00', 1),
(128, 1, 'GINA MARCELA', 'PEDROSO ROJAS', '2001-01-30', '142', 'CC', '1006455683', '2019-02-04', '142', 'CALLE 24 # 23-46 7 de Agosto', '3154986622', '', 'O+', 'OMAIRA ROJAS', '3154986622', NULL, '2022-06-08 00:00:00', 1),
(129, 1, 'EMILI RUTT', 'GUARAN RIVAS', '1993-01-12', '142', 'CC', '8,11E+14', '2018-10-01', '142', 'Cr 22A # 29-20 Libertadores', '3115634965', 'ruttrivas1993@gmail.com', 'o+', 'Carlos Pacheco', '3123017779', NULL, '2022-06-13 00:00:00', 1),
(130, 1, 'Yassir Madeli', 'Cortes Garzon', '1994-06-08', '142', 'CC', '1116798905', '2012-07-12', '142', 'Cr 12 # 18-44 Las Am?ricas', '3112727000', 'yassirmadelic@gmail.com', 'O-', 'Carlos Almerto Henao Ortiz', '3134079434', NULL, '2022-06-16 00:00:00', 1),
(131, 1, 'Miguel Angel', 'Hernandez Cristancho', '2003-08-07', '142', 'CC', '1007167180', '2021-08-10', '142', 'Cra 20 #26-31 Miramar', '3134371696', 'miguelhercris@gmail.com', 'A+', 'Mayerly Cristancho', '3152535438', NULL, '2022-06-17 00:00:00', 1),
(132, 1, 'YUREILYS MIRAVELA', 'HIDALGO HERRERA', '2003-02-10', '142', 'CC', '6712179', '2022-03-03', '142', ' GAVANES', '3146082846', 'YUREILYSHIDALGO20@GMAIL.COM', '', 'JESUS HIDALGO', '3177240045', NULL, '2022-02-17 00:00:00', 1),
(133, 1, 'HERBEL YOHEL', 'INFANTE CARUCI', '2002-03-19', '142', 'CC', '6862497', '2022-05-21', '142', ' GAVANES', '3146082846', '04262412573HI@GMAIL.COM', '', 'JESUS LEONARDO HIDALGO', '3177240045', NULL, '2022-06-17 00:00:00', 1),
(134, 1, 'LEIDY VALENTINA', 'DURAN GARRIDO', '2005-09-20', '142', 'CC', '1119510336', '2022-06-07', '142', 'TORRE 16 APARTAMENTO 401 PLAYITAS', '3229440052', 'duranvalentina349@gmail.com', 'A+', 'LUISA FERNANDA GARRIDO', '3229440052', NULL, '2022-06-22 00:00:00', 1),
(135, 1, 'KAROL VIVIANA', 'CAMPO VIDES', '1991-09-05', '142', 'CC', '1116791512', '2009-10-15', '142', 'CALLE 28 A Libertadores', '3214581570', 'irisvidesc123456@gmail.com', 'O+', 'GABRIEL CAMPO', '3187946777', NULL, '2022-02-16 00:00:00', 1),
(136, 1, 'MICHELL DANIELA', 'CAMPO VIDES', '2003-09-22', '142', 'CC', '1007896093', '2021-09-27', '142', 'CALLE 28 A Libertadores', '3152760159', 'irisvidesc123456@gmail.com', 'O+', 'karol campo', '3214581570', NULL, '2022-02-16 00:00:00', 1),
(137, 1, 'NANCY DIALID', 'RINCON CRISTIANO', '1970-09-18', '142', 'CC', '23791152', '1989-05-22', '142', 'CALLE 20 # 8-45 AMERICAS', '3177478620', 'nandir701@gmail.com', 'B-', 'JAMES YUSTRE', '3186225847', NULL, '2022-02-16 00:00:00', 1),
(138, 1, 'JENIFER MARCELA', 'JIMENEZ BERNL', '2004-12-04', '142', 'CC', '1116776438', '2018-11-15', '142', 'CALLE 29 # 25 A - 27 Libertadores', '3138465812', 'jeniferjimenez98@gmail.com', 'O+', 'ANA ROSA JIMENEZ', '3138807548', NULL, '2022-02-16 00:00:00', 1),
(139, 1, 'CAMILA ISABEL', 'DIAZ BENITEZ', '1993-10-13', '142', 'CC', '1116796960', '2011-10-14', '142', 'CARRERA 25 # 04-52 SUR FUNDADORES', '3202209517', 'kamisdi93@hotmail.com', 'O+', 'HOLMAN PINZON', '3142588722', NULL, '2022-07-05 00:00:00', 1),
(140, 1, 'CLAUDIA MILENA', 'ARENAS QUINTERO', '1985-09-17', '142', 'CC', '1125751914', '2015-02-11', '142', 'CALLE 28 A # 22-52 Libertadores', '3108659266', 'mileare8@gmail.com', 'O+', 'JHONY SEPEDA', '3103031652', NULL, '2022-02-06 00:00:00', 1),
(141, 1, 'Frncelys Nataly', 'Martinez Mendoza', '1998-07-06', '142', 'CC', '1149203267', '2020-09-22', '142', 'Cl 7 sur #7-21 Brisas del Llano', '3223124236', 'natalymartinez880@gmail.com', 'A+', 'Henry Salamanca gonzales', '3125629880', NULL, '2022-07-09 00:00:00', 1),
(142, 1, 'CARMEN FLORIANDA', 'NAVEO CARRASQUEL', '1987-06-13', '142', 'CC', '1116777530', '2005-08-01', '142', 'CALLE 18 D # 40 - 19 1 de Enero', '3042878246', '', 'O+', 'ARLEY CEDE?O', '3219847196', NULL, '2022-07-11 00:00:00', 1),
(143, 1, 'YESICA ADRIANA', 'ESCALANTE FLOREZ', '2002-08-07', '142', 'CC', '1006455165', '2020-08-21', '142', 'CARRERA 31 B # 20-50 VILLA SAN JUAN', '3204505905', 'adrianafloorez0708@gmail.com', 'O+', 'ELISABETH CARVAJAL', '3173230121', NULL, '2022-07-12 00:00:00', 1),
(144, 1, 'DANNA PAMELA', 'CISNEROS MANCILLA', '2003-11-02', '142', 'CC', '1116777697', '2021-11-05', '142', 'CALLE 20 CARRERA 12 Las Am?ricas', '3042972875', 'dannacisneros2519@gmail.com', 'A+', 'MARIA MANCILLA', '3202912063', NULL, '2022-07-14 00:00:00', 1),
(145, 1, 'JOSE LEONEL', 'BARE?O TOVAR', '2002-03-22', '142', 'CC', '1006454836', '2020-08-06', '142', 'CALLE 24 # 11-53 Uni?n', '3214808519', 'jbarewnotovar@gmail.com', 'O+', 'GISELA BARGAS', '3143768459', NULL, '2022-02-14 00:00:00', 1),
(146, 1, 'Anderson Esteban', 'Sogomoso Nieto', '2004-01-17', '142', 'CC', '1117132038', '2022-01-19', '142', 'Cl 15 #13-19 Meridiano 70', '3228001506', 'anderson17nieto@hotmail.com', 'O+', 'Nelly Nieto', '3144526773', NULL, '2022-07-15 00:00:00', 1),
(147, 1, 'YARIMA NELLYMAR', 'SALAZAR ARELLANO', '2003-02-19', '142', 'CC', '1149203191', '2022-02-01', '142', 'CARRERA 12 # 22-50 Uni?n', '3013166988', 'yarima12345678910@gmail.com', 'A+', 'NELLY ARELLANO', '3042142048', NULL, '2022-07-15 00:00:00', 1),
(148, 1, 'ANA MARIA', 'PINZON TORRES', '1994-11-05', '142', 'CC', '1116799966', '2012-11-29', '142', 'CALLE 14A # 36-27 el bosque', '3219803622', 'Eanamariapinzon.116@gmail.com', 'O+', 'CESAR ROCARDO AMRIN FLOREZ', '3233982913', NULL, '2022-07-15 00:00:00', 1),
(149, 1, 'FLORIMAR', 'ANZOLA RODRIGUEZ', '1996-11-27', '142', 'CC', '5354443', '2022-03-24', '142', 'CALLE 17 CARRERA 43 ARAUCA', '3125092900', 'anzolaflorimar96@gmail.com', 'O+', 'SANDRA NAVERRO', '3229710154', NULL, '2022-07-15 00:00:00', 1),
(150, 1, 'GINA PAOLA', 'SALAZAR DURAN', '2002-12-15', '142', 'CC', '1116772102', '2021-03-09', '142', 'CALLE 26 B # 23-48 Miramar', '31166348734', 'gina61424@gmail.com', 'A+', 'MANUEL ZALAZAR', '3152820618', NULL, '2022-02-15 00:00:00', 1),
(151, 1, 'WUENDY VENESSA', 'TORRES MEDINA', '2022-02-07', '142', 'CC', '1004355711', '2020-02-10', '142', 'CALLE 22 # 22- 26 7 de Agosto', '3144924649', 'wendy29pg@gmail.com', 'O+', 'ROQUE JASINTO TORREZ', '3124213413', NULL, '2022-07-16 00:00:00', 1),
(152, 1, 'SAYDA IZAMAR', 'BAUTISTA USCATEGUI', '1999-08-13', '142', 'CC', '1007167920', '2017-10-03', '142', 'CARRERA 22 M# 28 09 Libertadores', '3182240243', 'saimarbautista23@gmail.com', 'A+', 'LUZ ALBA BARRERO', '3222710796', NULL, '2022-07-16 00:00:00', 1),
(153, 1, 'MARTA ISABEL', 'BERBESI RIVEROS', '1993-12-31', '142', 'CC', '1116798373', '2012-04-24', '142', 'CARRERA 15 # 28-42 Santa F?', '3132480503', 'miber93@hotmail.com', 'O+', 'JESUS HERNANDO PADILLA', '3213682643', NULL, '2022-07-18 00:00:00', 1),
(154, 1, 'Belkis Xiomara', 'Chacon Garcia', '1998-11-16', '142', 'CC', '6406856', '2022-01-30', '142', 'Cl 18 # 23-44 La Esperanza', '3203404333', 'chaconbelkis40@gmail.com', '0+', 'Yuney Fonseca', '3182116166', NULL, '2022-07-18 00:00:00', 1),
(155, 1, 'MARLENNY ELIZABETH', 'VARGAS RAMIREZ', '1975-06-27', '142', 'CC', '68291912', '1993-09-17', '142', 'MANZANA A LOTE 21 SAN VICENTE', '3112262328', 'marlenne 1975bargas@gmail.com', 'O+', 'AURA BARGAS', '3202334051', NULL, '2022-07-18 00:00:00', 1),
(156, 1, 'GENNESIS ALEJANDRA', 'CRESPO YORY', '2003-04-26', '142', 'CC', '6278726', '2022-03-23', '142', ' EL AMPARO', '3242435737', 'gennesiscrespo64@gmail.com', 'O-', 'LUIS GABRIEL SANCHEZ', '3242578540', NULL, '2022-07-18 00:00:00', 1),
(157, 1, 'ELIEYDA JUAIMAR', 'FLORES MONTOYA', '1992-02-13', '142', 'CC', '666695', '0000-00-00', '142', 'CALLE 16 # 11-26 Las Am?ricas', '3224232126', 'floresmontoyaelieyda@gmail.com', 'O+', 'JULI ALEJANDO MOLILIVA', '3123780258', NULL, '2022-07-18 00:00:00', 1),
(158, 1, 'Liliana Andrea', 'Garrido Gomez', '1996-07-26', '142', 'CC', '1116775481', '2004-12-16', '142', 'Casa 238 jerusalen', '3124217114', 'cednisgarrido@gmail.com', 'O+', 'Shelsy Daniela Sanchez', '3205687215', NULL, '2022-07-19 00:00:00', 1),
(159, 1, 'JUAN SEBASTIAN', 'PARRA MAHECHA', '2006-09-08', '142', 'CC', '1010962890', '2014-12-18', '142', 'CARRERA 10? # 7 A - 46 San Carlos', '3102843369', 'mahecha200518@gmail.com', 'O+', 'JUAN CARLOS PARRA', '3505777166', NULL, '2022-07-19 00:00:00', 1),
(160, 1, 'JUAN CARLOS', 'PARRA', '1962-09-03', '142', 'CC', '19491814', '1981-01-15', '142', ' ', '', '', 'A+', 'JUAN CARLOS PARRA', '', NULL, '2022-07-19 00:00:00', 1),
(161, 1, 'CHELSYE DANIELA', 'SANCHEZ GARRIDO', '2003-07-11', '142', 'CC', '1116782422', '2021-10-14', '142', 'CASA 238 JERUSALEN', '3205687215', 'sshelsydaniela@gmail.com', 'O+', 'LILIANA GARRIDO', '3124217114', NULL, '2022-07-19 00:00:00', 1),
(162, 1, 'GINA STEFANY', 'PINEDO MURGAS', '1992-02-13', '142', 'CC', '1116800142', '2012-12-21', '142', 'CARRERA 40 A # 18 A 09 12 de Octubre', '3118482481', 'ginastefanypinedo@gmail.com', 'A+', 'ELIECER GUERRA', '3118487237', NULL, '2022-07-19 00:00:00', 1),
(163, 1, 'LUISA FERNANDA', 'MENDOZA OJEDA', '1994-04-29', '142', 'CC', '1116800923', '2013-04-09', '142', 'CARRERA 37 A # 19-5 PORVENIR', '3134623465', 'luisafernadamendozaopera@gmail.com', 'O+', 'DORA MENDOZA', '3203241616', NULL, '2022-07-19 00:00:00', 1),
(164, 1, 'ZEIDY TAMARA', 'MONTENEGRO MORA', '1994-09-06', '142', 'CC', '1116805553', '2015-03-02', '142', 'AVENIDA 5| # 18 -09 AMERICA', '3112715968', 'zeidytamara@gmail.com', 'O+', 'MARIBEL MORA', '3125771617', NULL, '2022-07-19 00:00:00', 1),
(165, 1, 'JAZMIN ADRIANA', 'GARAVITO FONSECA', '1997-02-25', '142', 'CC', '1116806081', '2015-05-19', '142', 'CASA 50 LOS NARANJOS', '3224253408', 'carloleandro2528@gmail.com', 'A+', 'YENIFER CAMEJO', '3134838289', NULL, '2022-07-19 00:00:00', 1),
(166, 1, 'PAOLA ROCIO', 'RUEDA GOMEZ', '1991-11-23', '142', 'CC', '1116792382', '2010-01-15', '142', 'TORRE 28 APARATAMENTO 401 PLAYITAS', '3158113383', 'daga0612@outlook.com', 'B+', 'ANTONY FRANCISCO CARRE?O', '3152144871', NULL, '2022-07-21 00:00:00', 1),
(167, 1, 'ANA MARIA', 'RINCON ILLERAS', '1981-02-11', '142', 'CC', '1116807961', '2016-02-23', '142', 'CARRERA 33 # 21-03 villa san juan', '3209003001', '', 'A-', 'LORENZA ILLERAS', '3168508869', NULL, '2022-07-21 00:00:00', 1),
(168, 1, 'NURY JHOANA', 'MONDRAGON MOSQUERA', '1982-11-08', '142', 'CC', '68297568', '2001-02-08', '142', ' LA Granja', '3158754019', 'nuryymatias97@gmail.com', 'O-', 'NOEMY MOSQUERA', '3177392148', NULL, '2022-07-22 00:00:00', 1),
(169, 1, 'ERIKA AVELINA', 'ALVARES SALGADO', '1995-04-11', '142', 'CC', '1127582841', '2013-10-21', '142', 'CARRERA 19 # 23 - 33 FUNDADORES', '3006310995', 'erikalvarezese@gmail.com', 'O+', 'OFELIA SALGADO', '3114981960', NULL, '2022-07-22 00:00:00', 1),
(170, 1, 'MARIA ESPERANZA', 'VALERO YA?EZ', '1995-02-10', '142', 'CC', '1090489030', '2013-06-26', '142', 'MANZANA 4 LOTE 12 PLAYITAS', '3144351844', 'mari10,95@hotmail.com', 'O+', 'EVA BARBOSA', '3142003727', NULL, '2022-07-22 00:00:00', 1),
(171, 1, 'LUISA FERNANDA', 'ROMERO BENITEZ', '2000-06-26', '142', 'CC', '1007454466', '2018-07-13', '142', 'CARRERA 27 # 12-174 Santa Teresita', '3168797887', 'lubi2607@gmail.com', 'A+', 'YENIFER VANESSA ROMERO', '3104775565', NULL, '2022-07-25 00:00:00', 1),
(172, 1, 'ANYELA MARIA', 'GUTIERRES LOZANO', '1994-04-25', '142', 'CC', '1116799386', '2012-09-18', '142', 'CALLE 17 # 05-27 AMERICA', '3135687151', 'gutierrezanyela25@gmail.com', 'A+', 'ANA CLEMENCIA LOZANO', '3224828251', NULL, '2022-07-25 00:00:00', 1),
(173, 1, 'LINA MARCELA', 'NOSA RODRIGUEZ', '2003-01-18', '142', 'CC', '1007167335', '2021-01-22', '142', 'CALLE 12 # 9 -11 Meridiano 70', '3224540359', 'marcelarodrig1804@gmail.com', 'A-', 'ERCILI RODRIGUEZ', '3212605624', NULL, '2022-07-25 00:00:00', 1),
(174, 1, 'YARITZA LIZBETH', 'NARANJO RINCON', '1999-11-01', '142', 'CC', '', '2017-11-08', '142', 'CARRERA 13 #25 -32 LA UNION', '3104821074', 'yaritzanaranjo99@gmail.com', 'AB+', 'ROSMIRA RINCON', '3212564259', NULL, '2022-07-25 00:00:00', 1),
(175, 1, 'MARIA ELENA', 'ABRIL FIRABITOVA', '1996-01-22', '142', 'CC', '1116803757', '0000-00-00', '142', 'CARERA 28 # 24 -38 Caba?as del R?o', '3207386091', 'mariaabril650@gmail.com', 'O+', 'MARYOLI FIRABITOVA', '3224839087', NULL, '2022-07-26 00:00:00', 1),
(176, 1, 'ANGELA MARIA DEL PILAR', 'PAREDES COLMENARES', '2000-07-29', '142', 'CC', '1007952459', '2018-07-26', '142', 'APARTAMENTO 102 LAURELES', '3205727623', 'paredescolmenaresangelamaria@gmail.com', 'O+', 'VELSORI COMENARES', '3214643562', NULL, '2022-07-27 00:00:00', 1),
(177, 1, 'JERLIS JAKELINE', 'MONTOYA JARA', '2000-02-27', '142', 'CC', '1006455862', '2018-05-11', '142', ' VILLA DEL MAESTRO', '3208137136', 'jerlisjaqra@gmail.com', 'AB+', 'OSTAVIO ENRIQUE MONTOYA', '3216640321', NULL, '2022-07-27 00:00:00', 1),
(178, 1, 'CAMILO ANDRES', 'SANCHEZ NARANJO', '2004-09-07', '142', 'CC', '1092941002', '2013-03-26', '142', 'CARRERA 13 # 23-45 Uni?n', '3176023944', 'camilogamer2345@gmail.com', 'B+', 'TALIA NARANJO', '3124444580', NULL, '2022-07-28 00:00:00', 1),
(179, 1, 'LAURA DANIELA', 'ESPINOSA SOTO', '2003-08-09', '142', 'CC', '1006476395', '2021-08-26', '142', 'CARRERA 14 3 12 -69 Meridiano 70', '3156189220', 'laurad.espinosa08@gmail.com', 'B+', 'ADRIANA SOTO', '3156004785', NULL, '2022-07-29 00:00:00', 1),
(180, 1, 'LINA ALEJANDRA', 'GOMEZ CARDENAS', '2001-09-24', '142', 'CC', '1006454482', '2019-10-08', '142', 'CASA 208 LLANO ALTO', '3113823708', 'linalejandragomezcardenas00@gmail.com', 'O-', 'ELVA CONSUELO CARDENAS', '3224235691', NULL, '2022-07-29 00:00:00', 1),
(181, 1, 'DESIRE AURORA', 'MONTIEL ARIAS', '1994-03-29', '142', 'CC', '1271609', '2022-06-10', '142', 'EL PARAISO', '3152491717', 'desiremontielarias@gmail.com', 'O+', 'Enyerson Pacheco', '3187011090', '', '2022-07-30 00:00:00', 1),
(182, 1, 'ANGIE MARCELA', 'MONTA?O FLOREZ', '2002-01-05', '142', 'CC', '1006454562', '2020-01-14', '142', 'CARERRA 14 3 26-14 Santa F?', '3137451606', 'angiemmf05@gmail.com', 'B+', 'LUZ DARY FLOREZ', '3134996725', NULL, '2022-07-30 00:00:00', 1),
(183, 1, 'MAYERLY SUISANA', 'NIETO VILLEGAS', '1984-09-16', '142', 'CC', '68299093', '2003-05-19', '142', 'MANZANA C CASA 7 VELLO HORIZONTE', '3124788056', 'mayerlynieto775@gmail.com', 'O+', 'LAUDY NIETOS', '3214914093', NULL, '2022-08-02 00:00:00', 1),
(184, 1, 'KATHERIN JHELITZA', 'SIMANCA CARRE?O', '2004-12-11', '142', 'CC', '1116775532', '2017-11-22', '142', 'CALLE 16 3 30 -51 guarataros', '3245107596', 'kati.carrenho@gmail.com', 'A+', 'NAYIVE CARRE?O GARCIA', '31713815653', NULL, '2022-08-01 00:00:00', 1),
(185, 1, 'ANA DAYRIN', 'CEBALLOS VARGAS', '1996-12-10', '142', 'CC', '1116805259', '2015-01-22', '142', ' MONSERRATE', '3118223795', 'adcv2718@gmail.com', 'A+', 'XIOMARA CEBALLOS', '3142652437', NULL, '2022-08-01 00:00:00', 1),
(186, 1, 'YARITZA DIVANY', 'SEIJA COLINA', '2000-08-20', '142', 'CC', '1007336614', '2018-09-10', '142', 'CARRERA 41 # 14-16 PEDRONEL', '3165051651', '', 'A+', 'MAITE COLINA', '3138000325', NULL, '2022-08-01 00:00:00', 1),
(187, 1, 'SOLANYI CATERINE', 'REINA FLOREZ', '1995-11-16', '142', 'CC', '1116802497', '2013-11-19', '142', 'CARRERA 11 # 14-49 FLOR DE MI LLANO', '3213044609', 'solanticaterinereinaflorez@gamil.com', 'a+', 'GLORIA FLOREZ', '3217777596', NULL, '2022-07-05 00:00:00', 1),
(188, 1, 'EDITH', 'CRUZADO RODRIGUEZ', '1992-05-17', '142', 'CC', '1051734173', '2010-05-24', '142', 'MANZANA 2 LOTE 16 EL RECREO', '3124110944', 'edithcruzadorodriguez@hotmail.com', 'A+', 'POLO GONZALEZ', '3118548488', NULL, '2021-08-02 00:00:00', 1),
(189, 1, 'NORLIS HELENA', 'OLIVERO CASTRO', '1985-08-09', '142', 'CC', '1116773919', '2004-06-11', '142', 'CALLE 20 # 4 -28 AMERICAS', '3209002888', 'karen_014@hotmail.es', 'A+', 'NORMEDIS OLIVEROS', '3184567137', NULL, '2022-08-05 00:00:00', 1),
(190, 1, 'LEONIL CAROLINA', 'ALBERT FIGUEREDO', '1986-07-18', '142', 'CC', '665934', '2021-07-26', '142', 'CALLE 19 A # 39 -22 EL TRIUNFO', '3232037858', 'carolinalbert30@gmail.com', 'O+', 'JAVIER GUTIERREZ', '3106132830', NULL, '2022-08-06 00:00:00', 1),
(191, 1, 'CARLOS EDUARDO', 'BEJARANO RODRIGUEZ', '1982-08-30', '142', 'CC', '17594974', '2000-11-07', '142', 'TORE 10 APARATAMENTO 401 PLAYITAS', '3123463944', 'bejaranocarlos626@gmail.com', 'O+', 'MARIA YADIRA MU?OZ', '3133363936', NULL, '2022-08-08 00:00:00', 1),
(192, 1, 'LUCY ESTHER', 'IMBETH LUNA', '1978-07-20', '142', 'CC', '50993656', '1997-01-24', '142', 'CALLE 15 # 12 -83 Meridiano 70', '3174514336', 'lucyimbeth@hotmail.com', 'A+', 'ARINNA LOPEZ', '3205698635', NULL, '2022-08-08 00:00:00', 1),
(193, 1, 'Miguel Angel', 'Mendez Sanchez', '2004-11-21', '142', 'CC', '1016713155', '2012-05-04', '142', 'Carrera 7tma #21-33 Uni?n', '3125799061', 'mrcharlie605@gmail.com', 'o+', 'Mallerlin Sanchez Herrera', '3125799061', NULL, '2022-08-09 00:00:00', 1),
(194, 1, 'LIANNYS CLAYRETH', 'MATUTE FLOREZ', '2003-08-15', '142', 'CC', '1116772943', '2021-09-09', '142', 'CARRERA 7? # 23-45 UNION', '3138730063', 'liannysmatute@gmail.com', 'A+', 'LISINIA MATUTE', '3212236517 ', NULL, '2022-08-09 00:00:00', 1),
(195, 1, 'LEIDY XIOMARA', 'CARRERO ROMERO', '1996-12-06', '142', 'CC', '1116805193', '2015-01-16', '142', 'AVENIDA 5? # 22-52 UNION', '3042779429', 'carreroxiomara30@gmail.com', 'O+', 'ZULMA ROMERO', '3138315261', NULL, '2022-08-08 00:00:00', 1),
(196, 1, 'MARIA YADIRA', 'MU?OZ SUAREZ', '1983-02-23', '142', 'CC', '68297929', '2001-08-22', '142', 'TORRE 10 APARTAMENTO 401 PLAYITAS', '3133363936', 'yadira.maria23@gmail.com', 'O+', '', '', NULL, '2022-08-10 00:00:00', 1),
(197, 1, 'JAMES BIRLEY', 'GONZALEZ JASPE', '1991-08-31', '142', 'CC', '1116791202', '2009-09-04', '142', 'CALLE 23 3 6 -76 union', '3164798042', 'jamesgonzalez522@gmail.com', 'A+', 'AINIRLIS MATUTE', '3213877931', NULL, '2022-08-12 00:00:00', 1),
(198, 1, 'TULIO EMILIANO', 'TREJO MOJICA', '2001-06-18', '142', 'CC', '1007167083', '2019-07-07', '142', 'CALLE 23 CO CARRERA 20 CENTRO', '3214679914', 'soyttrejo@gmail.com', 'O+', 'VIVIANA JIMENEZ', '3152289272', NULL, '2022-08-17 00:00:00', 1),
(199, 1, 'EDWAR EDILSON', 'GUERRERO CASTRILLON', '2003-01-11', '142', 'CC', '1006408821', '2021-02-15', '142', 'CARRERA 22 # 50 -50 ESPERANZA', '3204317648', 'edwarguerrero1101@gmail.com', 'O+', 'PABLO RIOS', '3157488749', NULL, '2022-08-17 00:00:00', 1),
(200, 1, 'LUIS ALFREDO', 'LOPEZ GONZALEZ', '1989-12-25', '142', 'CC', '1116773900', '2008-08-28', '142', 'Lote 82 Barrio 30 de agosto', '3132953160', 'LUISALFREDOLOPEZGONZALEZ89@GMAIL.COM', 'O+', 'JOSE ALDEMAR', '3112824029', NULL, '2022-08-18 00:00:00', 1),
(201, 1, 'MILTON SALAZAR', 'CONTRERAS MENDOZA', '1999-08-02', '142', 'CC', '1116781100', '2018-08-12', '142', 'LOTE 83 Barrio 30 de agosto', '3223765364', 'MS6643560@GMAIL.COM', 'O+', 'HINGRID', '3118235285', NULL, '2022-08-18 00:00:00', 1),
(202, 1, 'DARKIS TAIMIR', 'ARAUJO GONZALEZ', '1993-07-16', '142', 'CC', '1116796915', '2011-10-11', '142', 'CARRERA 31 CASA 2 Ciudad Jard?n', '3212897258', 'charlottsamara@gmail.com', 'A+', 'LISETH CAROLINA FLOREZ', '3212897258', NULL, '2022-08-18 00:00:00', 1),
(203, 1, 'MICHEL DAYANA', 'GOMEZ SANGUINO', '1998-08-11', '142', 'CC', '1116811083', '2017-04-25', '142', 'CALLE 17#27-29 GUARATAROS', '3217499767', '', 'A+', 'MARGARITA GOMEZ', '3214992065', NULL, '2022-08-18 00:00:00', 1),
(204, 1, 'IMARA DEL MAR', 'MARTINEZ MENDOZA', '1996-07-20', '142', 'CC', '1149203557', '2020-10-16', '142', 'MANZANA 16 LOTE 13 Brisas del Llano', '3212830483', 'imarajosemanuel30@okloot.com', 'A+', 'JOSE MANUEL ROJAS', '3104571553', NULL, '2022-08-22 00:00:00', 1),
(205, 1, 'MONICA  MARIA', 'GOMEZ', '1996-04-14', '142', 'CC', '1007167619', '2014-04-24', '142', 'MANZANA B CASA 1 MATA VENAO', '3128883840', 'thomas965316@gmail.com', 'O+', 'JAIDER QUIROS', '3177956269', NULL, '2022-08-25 00:00:00', 1),
(206, 1, 'EDNA MARBELYS', 'SUAREZ SALAMANCA', '1983-06-14', '142', 'CC', '63545651', '2002-01-11', '142', 'CARRERA 26 # 8 -15 FUNDADORES', '3213517205', 'edna.suarez.1983@gmail.com', 'A+', 'LUIS CARLOS SANCHEZ ARSINIEGAS', '3115084576', NULL, '2022-08-26 00:00:00', 1),
(207, 1, 'GILLIAM ESCLARLETH', 'CEPEDA CEBALLO', '2004-10-01', '142', 'CC', '1116775709', '2018-07-16', '142', ' EL DORADO', '3224292401', 'gilliamcepeda@gmail.com', 'O+', 'JESUS CEPEDA', '3224292401', NULL, '2022-08-26 00:00:00', 1),
(208, 1, 'JICELA LISNEIRA', 'FUENTES CARVAJAL', '1983-07-19', '142', 'CC', '1125758442', '2008-02-08', '142', 'CARRERA 15 # 16-48 AMERICAS', '3212348656', 'gicelafuentes2019@gmail.com', 'A+', 'ELBER CARVAJAL', '3187101120', NULL, '2022-08-31 00:00:00', 1),
(209, 1, 'BRAYAN STIVEN', 'JAIMES HERNANDEZ', '1998-02-28', '142', 'CC', '1116808884', '2016-07-27', '142', 'CALLE 21 # 25-43 LA ESPERANZA', '3137744517', 'bs_jaimes@fesc.edu.co', 'O+', 'GLORIA HERNANDEZ', '3144325175', NULL, '2022-09-02 00:00:00', 1),
(210, 1, 'LEXU TIAGO', 'MIJARES LAYA', '1988-12-31', '142', 'CC', '1116785362', '2007-11-29', '142', 'MANZANA 6 CASA 19 FLOR AMARILO', '3157947706', 'mijarestiago532@gmail.com', 'O+', 'IRIR ALISIA LAYA', '', NULL, '2022-09-09 00:00:00', 1),
(211, 1, 'JUAN CARLOS', 'OYOLA CANAY', '2005-03-12', '142', 'CC', '1048437323', '2019-06-04', '142', 'CALLE 21 # 17-33 CRISTO REY', '3154227633', '', '', '', '', NULL, '2022-02-16 00:00:00', 1),
(212, 1, 'SARITH GASBRIELA', 'LARGO DE ORO', '2006-04-26', '142', 'CC', '1096065407', '2013-11-26', '142', 'CALLE 30 # 22-66 LIBERTADORES', '3108409421', '', '', '', '', NULL, '2022-02-16 00:00:00', 1),
(213, 1, 'KAROL KATERINNE', 'SIMANCA BOBADILLA', '1996-09-07', '142', 'CC', '1116805334', '2015-01-30', '142', 'CARRERA 23 # 26 -30 Miramar Frontera', '3144903249', 'simancakarol@gimail.com', 'O+', 'LUZ ESTELLA BOBADILLA', '3228884186', NULL, '2022-09-20 00:00:00', 1),
(214, 1, 'CARLOS DANIEL', 'LUNA TORRES', '2003-11-20', '142', 'CC', '1116772419', '2021-11-23', '142', 'CARRERA 19 # 23-42 Cordoba', '3177875081', 'danieltorres201807@gmail.com', 'A+', '', '', NULL, '2022-09-22 00:00:00', 1),
(215, 1, 'YACKELINE DEL CARMEN', 'BERMUDEZ PIRELA', '1997-10-22', '142', 'CC', '26776734', '2012-02-01', '142', 'CARRERA 31 B N? 31-27 La Victoria', '3222328617', 'yackelinebermudez1997@gmail.com', 'O+', 'OSCAR DAVID MARIN', '3178644033', NULL, '2022-10-12 00:00:00', 1),
(304, 1, 'INGRID PAOLA', 'FLOREZ SEPÚLVEDA', '1999-01-16', '147', 'CC', '1006408114', '2017-04-07', '142', 'CALLE 27 # 27-19, SAN LUIS', '3004656427', 'ingridflorez07@gmail.com', '0+', 'OMAR RAMIREZ', '3108658843', '', '2022-10-24 00:00:00', 1),
(307, 1, 'Wilmer', 'Casillo', '1987-06-15', '142', 'CC', '123456789', '2001-03-25', '12', '20 de julio', '3172075270', 'willmrt@gmail.com', 'o+', 'Clementina', '7666392', 'observacion', '2022-11-08 08:48:13', 1),
(308, 1, 'NELSON GUSTAVO', 'SANABRIA MALAVER', '1982-04-30', '251', 'CC', '7181300', '2000-05-15', '331', '20 DE JULIO', '3208313251', '', 'O+', '', '', 'observacion', '2022-11-09 06:57:33', 1),
(310, 1, 'LUZ DARY', 'LOPEZ CUINTACO', '1971-03-29', '172', 'CC', '52035588', '1989-07-15', '172', 'CARERA 16#21-41', '3172708461', '', 'O+', 'EVER LUCRADO', '3213025609', 'observacion', '2022-11-25 11:22:19', 1),
(311, 1, 'KEVINGTON JESID', 'MORENO ALFONSO', '1997-06-12', '142', 'CC', '1116806263', '2015-07-18', '142', 'MANZANA E LOTE B5', '3203253219', '', 'O+', 'ENEIDA PINEDA', '3204006881', 'observacion', '2022-11-25 11:31:31', 1);
INSERT INTO `estudiante` (`idestudiante`, `idusuario`, `nombre`, `apellido`, `fecha_nacimiento`, `lugar_nacimiento`, `tipo_documento`, `numero_documento`, `fecha_expedicion`, `lugar_expedicion`, `direccion_residencia`, `telefono`, `correo`, `sangre`, `acudiente`, `telefono_acudiente`, `observacion`, `fecha_registro`, `condicion`) VALUES
(312, 1, 'YOHAN SEBASTIAN', 'HERNANDEZ ANGARITA', '2004-05-27', '825', 'TI', '1091353172', '2011-06-13', '142', 'Calle 27 cra 23-14', '3108554669', '', 'O+', 'Valentina angarita', '3107696912', 'observacion', '2022-11-25 11:39:28', 1),
(313, 1, 'ANGELA MARIA DEL PILAR', 'PAREDES COLMENARES', '2000-07-29', '142', 'CC', '1007952459', '2018-09-26', '142', 'APARTAMENTO 102', '3205727623', '', 'O+', 'VELSORI COLMENARES', '3214643562', 'observacion', '2022-11-25 11:47:42', 1),
(314, 1, 'JADIR MATHEO', 'MORENO ALFONSO', '1998-09-27', '142', 'CC', '1111817231', '2016-10-11', '142', 'Cra 14# 25-30', '3204007881', '', 'O+', 'ENEIDA ALFONSO', '3203253219', 'observacion', '2022-11-25 11:56:25', 1),
(315, 1, 'ANGIE YULITZA', 'PEREZ GIRALDO', '1997-07-07', '142', 'CC', '1116806481', '2015-07-21', '142', 'Cra 11# 18-04', '3214906638', '', 'O+', '', '3232071881', 'observacion', '2022-11-25 14:38:26', 1),
(316, 1, 'ERIKA TATIANA', 'CUPIDO CASTELLANO', '2001-09-08', '142', 'CC', '1006454241', '2001-09-08', '142', 'Vereda el rosario', '3223962962', '', 'O+', 'Carmen castellano', '3219221534', 'observacion', '2022-11-25 14:47:56', 1),
(317, 1, 'CAMILO JOSE', 'LARA OTALVARO', '2002-02-16', '142', 'CC', '10064766753', '2020-03-02', '142', 'Call 26# 11-55', '3102002866', '', 'O+', 'Blanca otalvaro', '3222799434', 'observacion', '2022-11-25 14:54:28', 1),
(318, 1, 'Jose manuel', 'Cedeño florez', '2003-08-22', '142', 'CC', '1007979071', '2021-08-25', '142', '.', '.', '', 'O+', '', '', 'observacion', '2022-11-25 14:58:47', 1),
(319, 1, 'Luis francisco', 'Acevedo galindez', '1993-06-23', '142', 'CC', '1116796216', '2011-07-23', '142', 'Cra 18 # 25a-36', '3214668403', '', 'O+', '', '', 'observacion', '2022-11-25 15:04:25', 1),
(320, 1, 'Luz Aleida', 'Medina Diaz', '1988-09-30', '143', 'CC', '1116495400', '2008-11-14', '143', 'Cll 13 #36 a 62', '3214879501', '', 'O+', 'Albertina diaz', '3156059948', 'observacion', '2022-11-25 15:08:15', 1),
(321, 1, 'Camila alejandra', 'Lara puerta', '2004-03-09', '142', 'CC', '116773312', '2022-03-22', '142', 'Cra 25# 29-50', '3134078072', '', 'B+', 'Oscar javier lara', '3136748611', 'observacion', '2022-11-25 15:40:22', 1),
(322, 1, 'WILMER HERNANDO', 'MOGOLLON HERNANDEZ', '2000-12-20', '142', 'CC', '1006453735', '2018-12-24', '142', 'CRA 25 A #27-23', '3132098998', '', 'B+', 'ZENITH BARRIOS', '3144083415', 'observacion', '2022-11-25 16:33:48', 1),
(323, 1, 'OSCAR NOLBERTO', 'MORENO MORENO', '2001-02-09', '142', 'CC', '1007454340', '2019-02-18', '142', 'CRA 31 CALL 24# A 28', '3218151569', '', 'O+', 'MIGUEL PEÑA', '3203269051', 'observacion', '2022-11-25 16:38:47', 1),
(324, 1, 'KAREN LORENA', 'ESPINOSA VISO', '2003-07-19', '142', 'CC', '1116773457', '2021-08-02', '142', '.', '3204498012', '', 'O+', 'WILLINA ESPINOSA', '3134447820', 'observacion', '2022-11-25 16:55:57', 1),
(325, 1, 'CLAUDIA MILENA', 'ARENAS QUINTERO', '1985-09-17', '142', 'CC', '1125751914', '2015-02-11', '142', 'CLL 28 A#M22-52', '31086659266', '', 'O+', 'JHONY SEPEDA', '3103031652', 'observacion', '2022-11-25 17:01:44', 1),
(326, 1, 'WUENDY VANESSA', 'TORRES MEDINA', '2022-02-07', '721', 'CC', '1004355711', '2020-02-10', '142', 'CLL 22# 22-26', '3144924649', '', 'O+', 'ROQUE JASINTO', '3124213412', 'observacion', '2022-11-25 17:05:09', 1),
(327, 1, 'MARTHA LILIANA', 'CARRERO GUANARE', '1988-02-16', '142', 'CC', '1116780200', '2006-06-13', '142', '.', '.', '', 'O+', '', '', 'observacion', '2022-11-25 17:20:19', 1),
(328, 1, 'KARINA YELITZA', 'CASTILLO CARDENAS', '1993-03-26', '142', 'CC', '1116796527', '2011-08-18', '142', '.', '.', '', 'O+', '', '', 'observacion', '2022-11-25 17:22:17', 1),
(329, 1, 'MAIRA YELITZA', 'MAIJARES VARGAS', '1986-05-12', '142', 'CC', '1116773939', '2004-06-15', '142', '.', '.', '', 'B-', '', '', 'observacion', '2022-11-25 17:24:36', 1),
(330, 1, 'JOLENNY XIMENA', 'JIMENEZ CRUZ', '2000-03-07', '142', 'CC', '1006558534', '2018-03-20', '142', '.', ',', '', 'A+', '', '', 'observacion', '2022-11-25 17:26:41', 1),
(331, 1, 'CARLOS DANIEL', 'LUNA TORRES', '2003-11-20', '142', 'CC', '1116772419', '2021-11-23', '142', '.', '.', '', 'A+', '', '.', 'observacion', '2022-11-25 17:28:10', 1),
(332, 1, 'EBER ORLANDO', 'RODRIGUEZ GOMEZ', '1984-08-18', '142', 'CC', '17596545', '2003-02-10', '142', '.', '.', '', 'O+', '', '', 'observacion', '2022-11-25 17:29:51', 1),
(333, 1, 'Gerald Jonas', 'Castillo Dicesare', '1994-06-25', '7', 'CE', '1929540', '2020-06-25', '174', 'Carrera 32B 15-45 B 20 de Julio', '3172161553', 'gejocad@gmail.com', 'O+', 'Xiany Caraballo', '3162549287', 'observacion', '2022-11-26 09:23:23', 1),
(334, 1, 'darismer karelis', 'silva ramirez', '2003-02-20', '7', 'CC', '29970586', '2012-09-19', '7', 'cra 18 #28-59', '3102694331', '', 'O+', 'RONER MARTINEZ', '3213424317', 'observacion', '2022-11-28 07:55:13', 1),
(336, 0, 'MARITZA ARACELIS', 'ALVAREZ DURAN', '1998-01-29', '7', 'CE', '5427082', '2022-03-24', '174', 'CARRERA 34 # 15 - 60 SAN JUAN', '3234345478', 'maritzaaracelisalvaresduran@gmail.com', 'A+', 'JHO JAIRO OVALLOS', '3196643678', 'observacion', '2022-11-28 14:21:29', 1);

-- --------------------------------------------------------

--
-- Estructura de tabla para la tabla `horario`
--

CREATE TABLE `horario` (
  `idhorario` int(11) NOT NULL,
  `jornada` varchar(15) NOT NULL,
  `hora_entrada` time NOT NULL,
  `hora_salida` time NOT NULL,
  `condicion` tinyint(1) NOT NULL
) ENGINE=InnoDB DEFAULT CHARSET=utf8;

--
-- Volcado de datos para la tabla `horario`
--

INSERT INTO `horario` (`idhorario`, `jornada`, `hora_entrada`, `hora_salida`, `condicion`) VALUES
(1, 'NOCTURNA', '18:10:00', '19:50:00', 1),
(2, 'MATUTINA', '06:10:00', '07:50:00', 1),
(7, 'FIN DE SEMANA', '14:00:00', '19:00:00', 1),
(8, 'FIN DE SEMANA', '13:00:00', '18:00:00', 1),
(9, 'NOCTURNA', '19:50:00', '21:30:00', 1);

-- --------------------------------------------------------

--
-- Estructura de tabla para la tabla `lugar`
--

CREATE TABLE `lugar` (
  `idlugar` int(11) NOT NULL,
  `municipio` varchar(40) NOT NULL,
  `departamento` varchar(40) NOT NULL,
  `condicion` tinyint(4) NOT NULL
) ENGINE=InnoDB DEFAULT CHARSET=utf8;

--
-- Volcado de datos para la tabla `lugar`
--

INSERT INTO `lugar` (`idlugar`, `municipio`, `departamento`, `condicion`) VALUES
(7, 'Extranjero', 'EX', 1),
(8, 'EL ENCANTO', 'AMAZONAS', 1),
(9, 'LA CHORRERA', 'AMAZONAS', 1),
(10, 'LA PEDRERA', 'AMAZONAS', 1),
(11, 'LA VICTORIA (AMAZONAS)', 'AMAZONAS', 1),
(12, 'LETICIA', 'AMAZONAS', 1),
(13, 'MARITI PARANA', 'AMAZONAS', 1),
(14, 'PTO SANTANDER', 'AMAZONAS', 1),
(15, 'PUERTO NARIYO', 'AMAZONAS', 1),
(16, 'TARAPACA', 'AMAZONAS', 1),
(17, 'ABEJORRAL', 'ANTIOQUIA', 1),
(18, 'ABRIAQUI', 'ANTIOQUIA', 1),
(19, 'ALEJANDRIA', 'ANTIOQUIA', 1),
(20, 'AMAGA', 'ANTIOQUIA', 1),
(21, 'AMALFI', 'ANTIOQUIA', 1),
(22, 'ANDES', 'ANTIOQUIA', 1),
(23, 'ANGELOPOLIS', 'ANTIOQUIA', 1),
(24, 'ANGOSTURA', 'ANTIOQUIA', 1),
(25, 'ANORI', 'ANTIOQUIA', 1),
(26, 'ANZA', 'ANTIOQUIA', 1),
(27, 'APARTADO', 'ANTIOQUIA', 1),
(28, 'ARBOLETES', 'ANTIOQUIA', 1),
(29, 'ARGELIA', 'ANTIOQUIA', 1),
(30, 'ARMENIA', 'ANTIOQUIA', 1),
(31, 'BARBOSA', 'ANTIOQUIA', 1),
(32, 'BELLO', 'ANTIOQUIA', 1),
(33, 'BELMIRA', 'ANTIOQUIA', 1),
(34, 'BETANIA', 'ANTIOQUIA', 1),
(35, 'BETULIA', 'ANTIOQUIA', 1),
(36, 'BRICEY0', 'ANTIOQUIA', 1),
(37, 'BURITICA', 'ANTIOQUIA', 1),
(38, 'CA?ASGORDAS', 'ANTIOQUIA', 1),
(39, 'CACERES', 'ANTIOQUIA', 1),
(40, 'CAICEDO', 'ANTIOQUIA', 1),
(41, 'CALDAS', 'ANTIOQUIA', 1),
(42, 'CAMPAMENTO', 'ANTIOQUIA', 1),
(43, 'CARACOLI', 'ANTIOQUIA', 1),
(44, 'CARAMANTA', 'ANTIOQUIA', 1),
(45, 'CAREPA', 'ANTIOQUIA', 1),
(46, 'CARMEN DE VIBORAL', 'ANTIOQUIA', 1),
(47, 'CAROLINA', 'ANTIOQUIA', 1),
(48, 'CAUCASIA', 'ANTIOQUIA', 1),
(49, 'CHIGORODO', 'ANTIOQUIA', 1),
(50, 'CISNEROS', 'ANTIOQUIA', 1),
(51, 'CIUDAD BOLIVAR', 'ANTIOQUIA', 1),
(52, 'COCORNA', 'ANTIOQUIA', 1),
(53, 'CONCEPCION', 'ANTIOQUIA', 1),
(54, 'CONCORDIA', 'ANTIOQUIA', 1),
(55, 'COPACABANA', 'ANTIOQUIA', 1),
(56, 'DABEIBA', 'ANTIOQUIA', 1),
(57, 'DON MATIAS', 'ANTIOQUIA', 1),
(58, 'EBEJICO', 'ANTIOQUIA', 1),
(59, 'EL BAGRE', 'ANTIOQUIA', 1),
(60, 'EL PE?OL', 'ANTIOQUIA', 1),
(61, 'EL RETIRO', 'ANTIOQUIA', 1),
(62, 'ENTRERRIOS', 'ANTIOQUIA', 1),
(63, 'ENVIGADO', 'ANTIOQUIA', 1),
(64, 'FREDONIA', 'ANTIOQUIA', 1),
(65, 'FRONTINO', 'ANTIOQUIA', 1),
(66, 'GIRALDO', 'ANTIOQUIA', 1),
(67, 'GIRARDOTA', 'ANTIOQUIA', 1),
(68, 'GOMEZ PLATA', 'ANTIOQUIA', 1),
(69, 'GRANADA', 'ANTIOQUIA', 1),
(70, 'GUADALUPE', 'ANTIOQUIA', 1),
(71, 'GUARNE', 'ANTIOQUIA', 1),
(72, 'GUATAPE', 'ANTIOQUIA', 1),
(73, 'HELICONIA', 'ANTIOQUIA', 1),
(74, 'HISPANIA', 'ANTIOQUIA', 1),
(75, 'ITAGUI', 'ANTIOQUIA', 1),
(76, 'ITUANGO', 'ANTIOQUIA', 1),
(77, 'JARDIN', 'ANTIOQUIA', 1),
(78, 'JERICO', 'ANTIOQUIA', 1),
(79, 'LA CEJA', 'ANTIOQUIA', 1),
(80, 'LA ESTRELLA', 'ANTIOQUIA', 1),
(81, 'LA PINTADA', 'ANTIOQUIA', 1),
(82, 'LA UNION', 'ANTIOQUIA', 1),
(83, 'LIBORINA', 'ANTIOQUIA', 1),
(84, 'MACEO', 'ANTIOQUIA', 1),
(85, 'MARINILLA', 'ANTIOQUIA', 1),
(86, 'MEDELLIN', 'ANTIOQUIA', 1),
(87, 'MONTEBELLO', 'ANTIOQUIA', 1),
(88, 'MURINDO', 'ANTIOQUIA', 1),
(89, 'MUTATA', 'ANTIOQUIA', 1),
(90, 'NARI?O', 'ANTIOQUIA', 1),
(91, 'NECHI', 'ANTIOQUIA', 1),
(92, 'NECOCLI', 'ANTIOQUIA', 1),
(93, 'OLAYA', 'ANTIOQUIA', 1),
(94, 'PEQUE', 'ANTIOQUIA', 1),
(95, 'PUEBLO RICO', 'ANTIOQUIA', 1),
(96, 'PUERTO BERRIO', 'ANTIOQUIA', 1),
(97, 'PUERTO NARE', 'ANTIOQUIA', 1),
(98, 'PUERTO TRIUNFO', 'ANTIOQUIA', 1),
(99, 'REMEDIOS', 'ANTIOQUIA', 1),
(100, 'RIONEGRO', 'ANTIOQUIA', 1),
(101, 'SABANALARGA', 'ANTIOQUIA', 1),
(102, 'SABANETA', 'ANTIOQUIA', 1),
(103, 'SALGAR', 'ANTIOQUIA', 1),
(104, 'SAN ANDRES', 'ANTIOQUIA', 1),
(105, 'SAN CARLOS', 'ANTIOQUIA', 1),
(106, 'SAN FRANCISCO', 'ANTIOQUIA', 1),
(107, 'SAN JERONIMO', 'ANTIOQUIA', 1),
(108, 'SAN JOSE DE LA MONTA?A', 'ANTIOQUIA', 1),
(109, 'SAN JUAN DE URABA', 'ANTIOQUIA', 1),
(110, 'SAN LUIS', 'ANTIOQUIA', 1),
(111, 'SAN PEDRO', 'ANTIOQUIA', 1),
(112, 'SAN PEDRO DE URABA', 'ANTIOQUIA', 1),
(113, 'SAN RAFAEL', 'ANTIOQUIA', 1),
(114, 'SAN ROQUE', 'ANTIOQUIA', 1),
(115, 'SAN VICENTE', 'ANTIOQUIA', 1),
(116, 'SANTA BARBARA', 'ANTIOQUIA', 1),
(117, 'SANTA FE DE ANTIOQUIA', 'ANTIOQUIA', 1),
(118, 'SANTA ROSA DE OSOS', 'ANTIOQUIA', 1),
(119, 'SANTO DOMINGO', 'ANTIOQUIA', 1),
(120, 'SANTUARIO', 'ANTIOQUIA', 1),
(121, 'SEGOVIA', 'ANTIOQUIA', 1),
(122, 'SONSON', 'ANTIOQUIA', 1),
(123, 'SOPETRAN', 'ANTIOQUIA', 1),
(124, 'TAMESIS', 'ANTIOQUIA', 1),
(125, 'TARAZA', 'ANTIOQUIA', 1),
(126, 'TARSO', 'ANTIOQUIA', 1),
(127, 'TITIRIBI', 'ANTIOQUIA', 1),
(128, 'TOLEDO', 'ANTIOQUIA', 1),
(129, 'TURBO', 'ANTIOQUIA', 1),
(130, 'URAMITA', 'ANTIOQUIA', 1),
(131, 'URRAO', 'ANTIOQUIA', 1),
(132, 'VALDIVIA', 'ANTIOQUIA', 1),
(133, 'VALPARAISO', 'ANTIOQUIA', 1),
(134, 'VEGACHI', 'ANTIOQUIA', 1),
(135, 'VENECIA', 'ANTIOQUIA', 1),
(136, 'VIGIA DEL FUERTE', 'ANTIOQUIA', 1),
(137, 'YALI', 'ANTIOQUIA', 1),
(138, 'YARUMAL', 'ANTIOQUIA', 1),
(139, 'YOLOMBO', 'ANTIOQUIA', 1),
(140, 'YONDO', 'ANTIOQUIA', 1),
(141, 'ZARAGOZA', 'ANTIOQUIA', 1),
(142, 'ARAUCA', 'ARAUCA', 1),
(143, 'ARAUQUITA', 'ARAUCA', 1),
(144, 'CRAVO NORTE', 'ARAUCA', 1),
(145, 'FORTUL', 'ARAUCA', 1),
(146, 'PUERTO RONDON', 'ARAUCA', 1),
(147, 'SARAVENA', 'ARAUCA', 1),
(148, 'TAME', 'ARAUCA', 1),
(149, 'BARANOA', 'ATLANTICO', 1),
(150, 'BARRANQUILLA', 'ATLANTICO', 1),
(151, 'CAMPO DE LA CRUZ', 'ATLANTICO', 1),
(152, 'CANDELARIA', 'ATLANTICO', 1),
(153, 'GALAPA', 'ATLANTICO', 1),
(154, 'JUAN DE ACOSTA', 'ATLANTICO', 1),
(155, 'LURUACO', 'ATLANTICO', 1),
(156, 'MALAMBO', 'ATLANTICO', 1),
(157, 'MANATI', 'ATLANTICO', 1),
(158, 'PALMAR DE VARELA', 'ATLANTICO', 1),
(159, 'PIOJO', 'ATLANTICO', 1),
(160, 'POLONUEVO', 'ATLANTICO', 1),
(161, 'PONEDERA', 'ATLANTICO', 1),
(162, 'PUERTO COLOMBIA', 'ATLANTICO', 1),
(163, 'REPELON', 'ATLANTICO', 1),
(164, 'SABANAGRANDE', 'ATLANTICO', 1),
(165, 'SABANALARGA', 'ATLANTICO', 1),
(166, 'SANTA LUCIA', 'ATLANTICO', 1),
(167, 'SANTO TOMAS', 'ATLANTICO', 1),
(168, 'SOLEDAD', 'ATLANTICO', 1),
(169, 'SUAN', 'ATLANTICO', 1),
(170, 'TUBARA', 'ATLANTICO', 1),
(171, 'USIACURI', 'ATLANTICO', 1),
(172, 'ADUANAS ESPECIALES', 'BOGOTA D.C', 1),
(173, 'AEROPUERTO EL DORADO', 'BOGOTA D.C', 1),
(174, 'SANTAFE DE BOGOTA', 'BOGOTA D.C', 1),
(175, 'ACHI', 'BOLIVAR', 1),
(176, 'ALTOS DEL ROSARIO', 'BOLIVAR', 1),
(177, 'ARENAL', 'BOLIVAR', 1),
(178, 'ARJONA', 'BOLIVAR', 1),
(179, 'BARRANCO DE LOBA', 'BOLIVAR', 1),
(180, 'CALAMAR', 'BOLIVAR', 1),
(181, 'CANTAGALLO', 'BOLIVAR', 1),
(182, 'CARTAGENA', 'BOLIVAR', 1),
(183, 'CICUCO', 'BOLIVAR', 1),
(184, 'CLEMENCIA', 'BOLIVAR', 1),
(185, 'CORDOBA', 'BOLIVAR', 1),
(186, 'EL CARMEN DE BOLIVAR', 'BOLIVAR', 1),
(187, 'EL GUAMO', 'BOLIVAR', 1),
(188, 'EL PE?ON', 'BOLIVAR', 1),
(189, 'HATILLO DE LOBA', 'BOLIVAR', 1),
(190, 'MAGANGUE', 'BOLIVAR', 1),
(191, 'MAHATES', 'BOLIVAR', 1),
(192, 'MARGARITA', 'BOLIVAR', 1),
(193, 'MARIA LA BAJA', 'BOLIVAR', 1),
(194, 'MOMPOS', 'BOLIVAR', 1),
(195, 'MONTECRISTO', 'BOLIVAR', 1),
(196, 'MORALES', 'BOLIVAR', 1),
(197, 'PINILLOS', 'BOLIVAR', 1),
(198, 'REGIDOR', 'BOLIVAR', 1),
(199, 'RIO VIEJO', 'BOLIVAR', 1),
(200, 'SAN CRISTOBAL', 'BOLIVAR', 1),
(201, 'SAN ESTANISLAO', 'BOLIVAR', 1),
(202, 'SAN FERNANDO', 'BOLIVAR', 1),
(203, 'SAN JACINTO', 'BOLIVAR', 1),
(204, 'SAN JUAN NEPOMUCENO', 'BOLIVAR', 1),
(205, 'SAN MARTIN DE LOBA', 'BOLIVAR', 1),
(206, 'SAN PABLO', 'BOLIVAR', 1),
(207, 'SANTA CATALINA', 'BOLIVAR', 1),
(208, 'SANTA ROSA', 'BOLIVAR', 1),
(209, 'SANTA ROSA DEL SUR', 'BOLIVAR', 1),
(210, 'SIMITI', 'BOLIVAR', 1),
(211, 'SOPLAVIENTO', 'BOLIVAR', 1),
(212, 'TALAIGUA NUEVO', 'BOLIVAR', 1),
(213, 'TIQUISIO', 'BOLIVAR', 1),
(214, 'TURBACO', 'BOLIVAR', 1),
(215, 'TURBANA', 'BOLIVAR', 1),
(216, 'VILLANUEVA', 'BOLIVAR', 1),
(217, 'ZAMBRANO', 'BOLIVAR', 1),
(218, 'ALMEIDA', 'BOYACA', 1),
(219, 'AQUITANIA', 'BOYACA', 1),
(220, 'ARCABUCO', 'BOYACA', 1),
(221, 'BELEN', 'BOYACA', 1),
(222, 'BERBEO', 'BOYACA', 1),
(223, 'BETEITIVA', 'BOYACA', 1),
(224, 'BOAVITA', 'BOYACA', 1),
(225, 'BOYACA', 'BOYACA', 1),
(226, 'BRICE?0', 'BOYACA', 1),
(227, 'BUENAVISTA', 'BOYACA', 1),
(228, 'BUSBANZA', 'BOYACA', 1),
(229, 'CALDAS', 'BOYACA', 1),
(230, 'CAMPOHERMOSO', 'BOYACA', 1),
(231, 'CERINZA', 'BOYACA', 1),
(232, 'CHINAVITA', 'BOYACA', 1),
(233, 'CHIQUINQUIRA', 'BOYACA', 1),
(234, 'CHIQUIZA', 'BOYACA', 1),
(235, 'CHISCAS', 'BOYACA', 1),
(236, 'CHITA', 'BOYACA', 1),
(237, 'CHITARAQUE', 'BOYACA', 1),
(238, 'CHIVATA', 'BOYACA', 1),
(239, 'CHIVOR', 'BOYACA', 1),
(240, 'CIENEGA', 'BOYACA', 1),
(241, 'COMBITA', 'BOYACA', 1),
(242, 'COPER', 'BOYACA', 1),
(243, 'CORRALES', 'BOYACA', 1),
(244, 'COVARACHIA', 'BOYACA', 1),
(245, 'CUBARA', 'BOYACA', 1),
(246, 'CUCAITA', 'BOYACA', 1),
(247, 'CUITIVA', 'BOYACA', 1),
(248, 'DUITAMA', 'BOYACA', 1),
(249, 'EL COCUY', 'BOYACA', 1),
(250, 'EL ESPINO', 'BOYACA', 1),
(251, 'FIRAVITOBA', 'BOYACA', 1),
(252, 'FLORESTA', 'BOYACA', 1),
(253, 'GACHANTIVA', 'BOYACA', 1),
(254, 'GAMEZA', 'BOYACA', 1),
(255, 'GARAGOA', 'BOYACA', 1),
(256, 'GUACAMAYAS', 'BOYACA', 1),
(257, 'GUATEQUE', 'BOYACA', 1),
(258, 'GUAYATA', 'BOYACA', 1),
(259, 'GUICAN', 'BOYACA', 1),
(260, 'IZA', 'BOYACA', 1),
(261, 'JENESANO', 'BOYACA', 1),
(262, 'JERICO', 'BOYACA', 1),
(263, 'LA CAPILLA', 'BOYACA', 1),
(264, 'LA UVITA', 'BOYACA', 1),
(265, 'LA VICTORIA', 'BOYACA', 1),
(266, 'LABRANZAGRANDE', 'BOYACA', 1),
(267, 'MACANAL', 'BOYACA', 1),
(268, 'MARIPI', 'BOYACA', 1),
(269, 'MIRAFLORES', 'BOYACA', 1),
(270, 'MONGUA', 'BOYACA', 1),
(271, 'MONGUI', 'BOYACA', 1),
(272, 'MONIQUIRA', 'BOYACA', 1),
(273, 'MOTAVITA', 'BOYACA', 1),
(274, 'MUZO', 'BOYACA', 1),
(275, 'NOBSA', 'BOYACA', 1),
(276, 'NUEVO COLON', 'BOYACA', 1),
(277, 'OICATA', 'BOYACA', 1),
(278, 'OTANCHE', 'BOYACA', 1),
(279, 'PACHAVITA', 'BOYACA', 1),
(280, 'PAEZ', 'BOYACA', 1),
(281, 'PAIPA', 'BOYACA', 1),
(282, 'PAJARITO', 'BOYACA', 1),
(283, 'PANQUEBA', 'BOYACA', 1),
(284, 'PAUNA', 'BOYACA', 1),
(285, 'PAYA', 'BOYACA', 1),
(286, 'PAZ DE RIO', 'BOYACA', 1),
(287, 'PESCA', 'BOYACA', 1),
(288, 'PISVA', 'BOYACA', 1),
(289, 'PUERTO BOYACA', 'BOYACA', 1),
(290, 'QUIPAMA', 'BOYACA', 1),
(291, 'RAMIRIQUI', 'BOYACA', 1),
(292, 'RAQUIRA', 'BOYACA', 1),
(293, 'RONDON', 'BOYACA', 1),
(294, 'SABOYA', 'BOYACA', 1),
(295, 'SACHICA', 'BOYACA', 1),
(296, 'SAMACA', 'BOYACA', 1),
(297, 'SAN EDUARDO', 'BOYACA', 1),
(298, 'SAN JOSE DE PARE', 'BOYACA', 1),
(299, 'SAN LUIS DE GACENO', 'BOYACA', 1),
(300, 'SAN MATEO', 'BOYACA', 1),
(301, 'SAN MIGUEL DE SEMA', 'BOYACA', 1),
(302, 'SAN PABLO DE BORBUR', 'BOYACA', 1),
(303, 'SANTA MARIA', 'BOYACA', 1),
(304, 'SANTA ROSA DE VITERBO', 'BOYACA', 1),
(305, 'SANTA SOFIA', 'BOYACA', 1),
(306, 'SANTANA', 'BOYACA', 1),
(307, 'SATIVANORTE', 'BOYACA', 1),
(308, 'SATIVASUR', 'BOYACA', 1),
(309, 'SIACHOQUE', 'BOYACA', 1),
(310, 'SOATA', 'BOYACA', 1),
(311, 'SOCHA', 'BOYACA', 1),
(312, 'SOCOTA', 'BOYACA', 1),
(313, 'SOGAMOSO', 'BOYACA', 1),
(314, 'SOMONDOCO', 'BOYACA', 1),
(315, 'SORA', 'BOYACA', 1),
(316, 'SORACA', 'BOYACA', 1),
(317, 'SOTAQUIRA', 'BOYACA', 1),
(318, 'SUSACON', 'BOYACA', 1),
(319, 'SUTAMARCHAN', 'BOYACA', 1),
(320, 'SUTATENZA', 'BOYACA', 1),
(321, 'TASCO', 'BOYACA', 1),
(322, 'TENZA', 'BOYACA', 1),
(323, 'TIBANA', 'BOYACA', 1),
(324, 'TIBASOSA', 'BOYACA', 1),
(325, 'TINJACA', 'BOYACA', 1),
(326, 'TIPACOQUE', 'BOYACA', 1),
(327, 'TOCA', 'BOYACA', 1),
(328, 'TOGUI', 'BOYACA', 1),
(329, 'TOPAGA', 'BOYACA', 1),
(330, 'TOTA', 'BOYACA', 1),
(331, 'TUNJA', 'BOYACA', 1),
(332, 'TUNUNGA', 'BOYACA', 1),
(333, 'TURMEQUE', 'BOYACA', 1),
(334, 'TUTA', 'BOYACA', 1),
(335, 'TUTAZA', 'BOYACA', 1),
(336, 'UMBITA', 'BOYACA', 1),
(337, 'VENTAQUEMADA', 'BOYACA', 1),
(338, 'VILLA DE LEIVA', 'BOYACA', 1),
(339, 'VIRACACHA', 'BOYACA', 1),
(340, 'ZETAQUIRA', 'BOYACA', 1),
(341, 'AGUADAS', 'CALDAS', 1),
(342, 'ANSERMA', 'CALDAS', 1),
(343, 'ARANZAZU', 'CALDAS', 1),
(344, 'BELALCAZAR', 'CALDAS', 1),
(345, 'CHINCHINA', 'CALDAS', 1),
(346, 'FILADELFIA', 'CALDAS', 1),
(347, 'LA DORADA', 'CALDAS', 1),
(348, 'LA MERCED', 'CALDAS', 1),
(349, 'MANIZALES', 'CALDAS', 1),
(350, 'MANZANARES', 'CALDAS', 1),
(351, 'MARMATO', 'CALDAS', 1),
(352, 'MARQUETALIA', 'CALDAS', 1),
(353, 'MARULANDA', 'CALDAS', 1),
(354, 'NEIRA', 'CALDAS', 1),
(355, 'NORCASIA (CALDAS)', 'CALDAS', 1),
(356, 'PACORA', 'CALDAS', 1),
(357, 'PALESTINA', 'CALDAS', 1),
(358, 'PENSILVANIA', 'CALDAS', 1),
(359, 'RIOSUCIO', 'CALDAS', 1),
(360, 'RISARALDA', 'CALDAS', 1),
(361, 'SALAMINA', 'CALDAS', 1),
(362, 'SAMANA', 'CALDAS', 1),
(363, 'SUPIA', 'CALDAS', 1),
(364, 'VICTORIA', 'CALDAS', 1),
(365, 'VILLAMARIA', 'CALDAS', 1),
(366, 'VITERBO', 'CALDAS', 1),
(367, 'ALBANIA', 'CAQUETA', 1),
(368, 'BELEN DE LOS ANDAQUIES', 'CAQUETA', 1),
(369, 'CARTAGENA DEL CHAIRA', 'CAQUETA', 1),
(370, 'CURILLO', 'CAQUETA', 1),
(371, 'EL DONCELLO', 'CAQUETA', 1),
(372, 'FLORENCIA', 'CAQUETA', 1),
(373, 'MILAN', 'CAQUETA', 1),
(374, 'MONTANITA', 'CAQUETA', 1),
(375, 'MORELIA', 'CAQUETA', 1),
(376, 'PAUJIL', 'CAQUETA', 1),
(377, 'PUERTO RICO', 'CAQUETA', 1),
(378, 'SAN JOSE DEL FRAGUA', 'CAQUETA', 1),
(379, 'SAN VICENTE DEL CAGUAN', 'CAQUETA', 1),
(380, 'SOLANO', 'CAQUETA', 1),
(381, 'SOLANO', 'CAQUETA', 1),
(382, 'SOLITA', 'CAQUETA', 1),
(383, 'VALPARAISO', 'CAQUETA', 1),
(384, 'AGUAZUL', 'CASANARE', 1),
(385, 'CHAMEZA', 'CASANARE', 1),
(386, 'HATO COROZAL', 'CASANARE', 1),
(387, 'LA SALINA', 'CASANARE', 1),
(388, 'MANI', 'CASANARE', 1),
(389, 'MONTERREY', 'CASANARE', 1),
(390, 'NUNCHIA', 'CASANARE', 1),
(391, 'OROCUE', 'CASANARE', 1),
(392, 'PAZ DE ARIPORO', 'CASANARE', 1),
(393, 'PORE', 'CASANARE', 1),
(394, 'RECETOR', 'CASANARE', 1),
(395, 'SABANALARGA', 'CASANARE', 1),
(396, 'SACAMA', 'CASANARE', 1),
(397, 'SAN LUIS DE PALENQUE', 'CASANARE', 1),
(398, 'TAMARA', 'CASANARE', 1),
(399, 'TAURAMENA', 'CASANARE', 1),
(400, 'TRINIDAD', 'CASANARE', 1),
(401, 'VILLANUEVA', 'CASANARE', 1),
(402, 'YOPAL', 'CASANARE', 1),
(403, 'ALMAGUER', 'CAUCA', 1),
(404, 'ARGELIA', 'CAUCA', 1),
(405, 'BALBOA', 'CAUCA', 1),
(406, 'BOLIVAR', 'CAUCA', 1),
(407, 'BUENOS AIRES', 'CAUCA', 1),
(408, 'CAJIBIO', 'CAUCA', 1),
(409, 'CALDONO', 'CAUCA', 1),
(410, 'CALOTO', 'CAUCA', 1),
(411, 'CORINTO', 'CAUCA', 1),
(412, 'EL TAMBO', 'CAUCA', 1),
(413, 'FLORENCIA', 'CAUCA', 1),
(414, 'GUAPI', 'CAUCA', 1),
(415, 'INZA', 'CAUCA', 1),
(416, 'JAMBALO', 'CAUCA', 1),
(417, 'LA SIERRA', 'CAUCA', 1),
(418, 'LA VEGA', 'CAUCA', 1),
(419, 'LOPEZ', 'CAUCA', 1),
(420, 'MERCADERES', 'CAUCA', 1),
(421, 'MIRANDA', 'CAUCA', 1),
(422, 'MORALES', 'CAUCA', 1),
(423, 'PADILLA', 'CAUCA', 1),
(424, 'PAEZ (BELALCAZAR)', 'CAUCA', 1),
(425, 'PATIA (EL BORDO)', 'CAUCA', 1),
(426, 'PIENDAMO', 'CAUCA', 1),
(427, 'POPAYAN', 'CAUCA', 1),
(428, 'PUERTO TEJADA', 'CAUCA', 1),
(429, 'PURACE (COCONUCO)', 'CAUCA', 1),
(430, 'ROSAS', 'CAUCA', 1),
(431, 'SAN SEBASTIAN', 'CAUCA', 1),
(432, 'SANTA ROSA', 'CAUCA', 1),
(433, 'SANTANDER DE QUILICHAO', 'CAUCA', 1),
(434, 'SILVIA', 'CAUCA', 1),
(435, 'SOTARA (PAISPAMBA)', 'CAUCA', 1),
(436, 'SUAREZ', 'CAUCA', 1),
(437, 'SUCRE (CAUCA)', 'CAUCA', 1),
(438, 'TIMBIO', 'CAUCA', 1),
(439, 'TIMBIQUI', 'CAUCA', 1),
(440, 'TORIBIO', 'CAUCA', 1),
(441, 'TOTORO', 'CAUCA', 1),
(442, 'AGUACHICA', 'CESAR', 1),
(443, 'AGUSTIN CODAZZI', 'CESAR', 1),
(444, 'ASTREA', 'CESAR', 1),
(445, 'BECERRIL', 'CESAR', 1),
(446, 'BOSCONIA', 'CESAR', 1),
(447, 'CHIMICHAGUA', 'CESAR', 1),
(448, 'CHIRIGUANA', 'CESAR', 1),
(449, 'CURUMANI', 'CESAR', 1),
(450, 'EL COPEY', 'CESAR', 1),
(451, 'EL PASO', 'CESAR', 1),
(452, 'GAMARRA', 'CESAR', 1),
(453, 'GONZALEZ', 'CESAR', 1),
(454, 'LA GLORIA', 'CESAR', 1),
(455, 'LA JAGUA DE IBIRICO', 'CESAR', 1),
(456, 'LA PAZ', 'CESAR', 1),
(457, 'MANAURE BALCON DEL CESAR', 'CESAR', 1),
(458, 'PAILITAS', 'CESAR', 1),
(459, 'PELAYA', 'CESAR', 1),
(460, 'RIO DE ORO', 'CESAR', 1),
(461, 'SAN ALBERTO', 'CESAR', 1),
(462, 'SAN DIEGO', 'CESAR', 1),
(463, 'SAN MARTIN', 'CESAR', 1),
(464, 'TAMALAMEQUE', 'CESAR', 1),
(465, 'VALLEDUPAR', 'CESAR', 1),
(466, 'ACANDI', 'CHOCO', 1),
(467, 'ALTO BAUDO (PIE DE PATO)', 'CHOCO', 1),
(468, 'ATRATO (CHOCO)', 'CHOCO', 1),
(469, 'BAGADO', 'CHOCO', 1),
(470, 'BAHIA SOLANO (MUTIS)', 'CHOCO', 1),
(471, 'BAJO BAUDO (PIZARRO)', 'CHOCO', 1),
(472, 'BLEN DE BAJIRA (CHOCO)', 'CHOCO', 1),
(473, 'BOJAYA (BELLAVISTA)', 'CHOCO', 1),
(474, 'CARMEN DEL DARIEN (CHOCO)', 'CHOCO', 1),
(475, 'CONDOTO', 'CHOCO', 1),
(476, 'EL CANTON DE SAN PABLO (MANAGRU)', 'CHOCO', 1),
(477, 'EL CARMEN DE ATRATO', 'CHOCO', 1),
(478, 'EL LITORAL DEL SAN JUAN (DOCORDO)', 'CHOCO', 1),
(479, 'ISTMINA', 'CHOCO', 1),
(480, 'JURADO', 'CHOCO', 1),
(481, 'LLORO', 'CHOCO', 1),
(482, 'NOVITA', 'CHOCO', 1),
(483, 'NUQUI', 'CHOCO', 1),
(484, 'QUIBDO', 'CHOCO', 1),
(485, 'RIO IRO (CHOCO)', 'CHOCO', 1),
(486, 'RIOSUCIO', 'CHOCO', 1),
(487, 'SAN JOSE DEL PALMAR', 'CHOCO', 1),
(488, 'SIPI', 'CHOCO', 1),
(489, 'TADO', 'CHOCO', 1),
(490, 'UNGUIA', 'CHOCO', 1),
(491, 'AYAPEL', 'CORDOBA', 1),
(492, 'BUENAVISTA', 'CORDOBA', 1),
(493, 'CANALETE', 'CORDOBA', 1),
(494, 'CERETE', 'CORDOBA', 1),
(495, 'CHIMA', 'CORDOBA', 1),
(496, 'CHINU', 'CORDOBA', 1),
(497, 'CIENAGA DE ORO', 'CORDOBA', 1),
(498, 'COTORRA', 'CORDOBA', 1),
(499, 'LA APARTADA', 'CORDOBA', 1),
(500, 'LORICA', 'CORDOBA', 1),
(501, 'LOS CORDOBAS', 'CORDOBA', 1),
(502, 'MO?ITOS', 'CORDOBA', 1),
(503, 'MOMIL', 'CORDOBA', 1),
(504, 'MONTELIBANO', 'CORDOBA', 1),
(505, 'MONTERIA', 'CORDOBA', 1),
(506, 'PLANETA RICA', 'CORDOBA', 1),
(507, 'PUEBLO NUEVO', 'CORDOBA', 1),
(508, 'PUERTO ESCONDIDO', 'CORDOBA', 1),
(509, 'PUERTO LIBERTADOR', 'CORDOBA', 1),
(510, 'PURISIMA', 'CORDOBA', 1),
(511, 'SAHAGUN', 'CORDOBA', 1),
(512, 'SAN ANDRES DE SOTAVENTO', 'CORDOBA', 1),
(513, 'SAN ANTERO', 'CORDOBA', 1),
(514, 'SAN BERNARDO DEL VIENTO', 'CORDOBA', 1),
(515, 'SAN CARLOS', 'CORDOBA', 1),
(516, 'SAN PELAYO', 'CORDOBA', 1),
(517, 'TIERRALTA', 'CORDOBA', 1),
(518, 'VALENCIA', 'CORDOBA', 1),
(519, 'AGUA DE DIOS', 'CUNDINAMARCA', 1),
(520, 'ALBAN', 'CUNDINAMARCA', 1),
(521, 'ANAPOIMA', 'CUNDINAMARCA', 1),
(522, 'ANOLAIMA', 'CUNDINAMARCA', 1),
(523, 'APULO', 'CUNDINAMARCA', 1),
(524, 'ARBELAEZ', 'CUNDINAMARCA', 1),
(525, 'BELTRAN', 'CUNDINAMARCA', 1),
(526, 'BITUIMA', 'CUNDINAMARCA', 1),
(527, 'BOJACA', 'CUNDINAMARCA', 1),
(528, 'CABRERA', 'CUNDINAMARCA', 1),
(529, 'CACHIPAY', 'CUNDINAMARCA', 1),
(530, 'CAJICA', 'CUNDINAMARCA', 1),
(531, 'CAPARRAPI', 'CUNDINAMARCA', 1),
(532, 'CAQUEZA', 'CUNDINAMARCA', 1),
(533, 'CARMEN DE CARUPA', 'CUNDINAMARCA', 1),
(534, 'CHAGUANI', 'CUNDINAMARCA', 1),
(535, 'CHIA', 'CUNDINAMARCA', 1),
(536, 'CHIPAQUE', 'CUNDINAMARCA', 1),
(537, 'CHOACHI', 'CUNDINAMARCA', 1),
(538, 'CHOCONTA', 'CUNDINAMARCA', 1),
(539, 'COGUA', 'CUNDINAMARCA', 1),
(540, 'COTA', 'CUNDINAMARCA', 1),
(541, 'CUCUNUBA', 'CUNDINAMARCA', 1),
(542, 'EL COLEGIO', 'CUNDINAMARCA', 1),
(543, 'EL PE?ON', 'CUNDINAMARCA', 1),
(544, 'EL ROSAL', 'CUNDINAMARCA', 1),
(545, 'FACATATIVA', 'CUNDINAMARCA', 1),
(546, 'FOMEQUE', 'CUNDINAMARCA', 1),
(547, 'FOSCA', 'CUNDINAMARCA', 1),
(548, 'FUNZA', 'CUNDINAMARCA', 1),
(549, 'FUQUENE', 'CUNDINAMARCA', 1),
(550, 'FUSAGASUGA', 'CUNDINAMARCA', 1),
(551, 'GACHALA', 'CUNDINAMARCA', 1),
(552, 'GACHANCIPA', 'CUNDINAMARCA', 1),
(553, 'GACHETA', 'CUNDINAMARCA', 1),
(554, 'GAMA', 'CUNDINAMARCA', 1),
(555, 'GIRARDOT', 'CUNDINAMARCA', 1),
(556, 'GRANADA', 'CUNDINAMARCA', 1),
(557, 'GUACHETA', 'CUNDINAMARCA', 1),
(558, 'GUADUAS', 'CUNDINAMARCA', 1),
(559, 'GUASCA', 'CUNDINAMARCA', 1),
(560, 'GUATAQUI', 'CUNDINAMARCA', 1),
(561, 'GUATAVITA', 'CUNDINAMARCA', 1),
(562, 'GUAYABAL DE SIQUIMA', 'CUNDINAMARCA', 1),
(563, 'GUAYABETAL', 'CUNDINAMARCA', 1),
(564, 'GUTIERREZ', 'CUNDINAMARCA', 1),
(565, 'JERUSALEN', 'CUNDINAMARCA', 1),
(566, 'JUNIN', 'CUNDINAMARCA', 1),
(567, 'LA CALERA', 'CUNDINAMARCA', 1),
(568, 'LA MESA', 'CUNDINAMARCA', 1),
(569, 'LA PALMA', 'CUNDINAMARCA', 1),
(570, 'LA PEYA', 'CUNDINAMARCA', 1),
(571, 'LA VEGA', 'CUNDINAMARCA', 1),
(572, 'LENGUAZAQUE', 'CUNDINAMARCA', 1),
(573, 'MACHETA', 'CUNDINAMARCA', 1),
(574, 'MADRID', 'CUNDINAMARCA', 1),
(575, 'MANTA', 'CUNDINAMARCA', 1),
(576, 'MEDINA', 'CUNDINAMARCA', 1),
(577, 'MOSQUERA', 'CUNDINAMARCA', 1),
(578, 'NARIO', 'CUNDINAMARCA', 1),
(579, 'NEMOCON', 'CUNDINAMARCA', 1),
(580, 'NILO', 'CUNDINAMARCA', 1),
(581, 'NIMAIMA', 'CUNDINAMARCA', 1),
(582, 'NOCAIMA', 'CUNDINAMARCA', 1),
(583, 'PACHO', 'CUNDINAMARCA', 1),
(584, 'PAIME', 'CUNDINAMARCA', 1),
(585, 'PANDI', 'CUNDINAMARCA', 1),
(586, 'PARATEBUENO', 'CUNDINAMARCA', 1),
(587, 'PASCA', 'CUNDINAMARCA', 1),
(588, 'PUERTO SALGAR', 'CUNDINAMARCA', 1),
(589, 'PULI', 'CUNDINAMARCA', 1),
(590, 'QUEBRADANEGRA', 'CUNDINAMARCA', 1),
(591, 'QUETAME', 'CUNDINAMARCA', 1),
(592, 'QUIPILE', 'CUNDINAMARCA', 1),
(593, 'RICAURTE', 'CUNDINAMARCA', 1),
(594, 'SAN ANTONIO DEL TEQUENDAMA', 'CUNDINAMARCA', 1),
(595, 'SAN BERNARDO', 'CUNDINAMARCA', 1),
(596, 'SAN CAYETANO', 'CUNDINAMARCA', 1),
(597, 'SAN FRANCISCO', 'CUNDINAMARCA', 1),
(598, 'SAN JUAN DE RIOSECO', 'CUNDINAMARCA', 1),
(599, 'SASAIMA', 'CUNDINAMARCA', 1),
(600, 'SESQUILE', 'CUNDINAMARCA', 1),
(601, 'SIBATE', 'CUNDINAMARCA', 1),
(602, 'SILVANIA', 'CUNDINAMARCA', 1),
(603, 'SIMIJACA', 'CUNDINAMARCA', 1),
(604, 'SOACHA', 'CUNDINAMARCA', 1),
(605, 'SOPO', 'CUNDINAMARCA', 1),
(606, 'SUBACHOQUE', 'CUNDINAMARCA', 1),
(607, 'SUESCA', 'CUNDINAMARCA', 1),
(608, 'SUPATA', 'CUNDINAMARCA', 1),
(609, 'SUSA', 'CUNDINAMARCA', 1),
(610, 'SUTATAUSA', 'CUNDINAMARCA', 1),
(611, 'TABIO', 'CUNDINAMARCA', 1),
(612, 'TAUSA', 'CUNDINAMARCA', 1),
(613, 'TENA', 'CUNDINAMARCA', 1),
(614, 'TENJO', 'CUNDINAMARCA', 1),
(615, 'TIBACUY', 'CUNDINAMARCA', 1),
(616, 'TIBIRITA', 'CUNDINAMARCA', 1),
(617, 'TOCAIMA', 'CUNDINAMARCA', 1),
(618, 'TOCANCIPA', 'CUNDINAMARCA', 1),
(619, 'TOPAIPI', 'CUNDINAMARCA', 1),
(620, 'UBALA', 'CUNDINAMARCA', 1),
(621, 'UBAQUE', 'CUNDINAMARCA', 1),
(622, 'UBATE', 'CUNDINAMARCA', 1),
(623, 'ULALA', 'CUNDINAMARCA', 1),
(624, 'UNE', 'CUNDINAMARCA', 1),
(625, 'UTICA', 'CUNDINAMARCA', 1),
(626, 'VENECIA', 'CUNDINAMARCA', 1),
(627, 'VERGARA', 'CUNDINAMARCA', 1),
(628, 'VIANI', 'CUNDINAMARCA', 1),
(629, 'VILLAGOMEZ', 'CUNDINAMARCA', 1),
(630, 'VILLAPINZON', 'CUNDINAMARCA', 1),
(631, 'VILLETA', 'CUNDINAMARCA', 1),
(632, 'VIOTA', 'CUNDINAMARCA', 1),
(633, 'YACOPI', 'CUNDINAMARCA', 1),
(634, 'ZIPACON', 'CUNDINAMARCA', 1),
(635, 'ZIPAQUIRA', 'CUNDINAMARCA', 1),
(636, 'BARRANCO MINA (CD)', 'GUAINIA', 1),
(637, 'CACAHUAL (CD)', 'GUAINIA', 1),
(638, 'INIRIDA', 'GUAINIA', 1),
(639, 'LA GUADALUPE (CD)', 'GUAINIA', 1),
(640, 'MORICHAL NUEVO (CD)', 'GUAINIA', 1),
(641, 'PANA-PANA (CD)', 'GUAINIA', 1),
(642, 'PUERTO COLOMBIA (CD)', 'GUAINIA', 1),
(643, 'SAN FELIPE (CD)', 'GUAINIA', 1),
(644, 'ALBANIA (GUAJIRA)', 'GUAJIRA', 1),
(645, 'BARRANCAS', 'GUAJIRA', 1),
(646, 'DIBULLA', 'GUAJIRA', 1),
(647, 'DISTRACCION', 'GUAJIRA', 1),
(648, 'EL MOLINO', 'GUAJIRA', 1),
(649, 'FONSECA', 'GUAJIRA', 1),
(650, 'HATO NUEVO', 'GUAJIRA', 1),
(651, 'MAICAO', 'GUAJIRA', 1),
(652, 'MANAURE', 'GUAJIRA', 1),
(653, 'RIOHACHA', 'GUAJIRA', 1),
(654, 'SAN JUAN DEL CESAR', 'GUAJIRA', 1),
(655, 'URIBIA', 'GUAJIRA', 1),
(656, 'URUMITA', 'GUAJIRA', 1),
(657, 'VILLANUEVA', 'GUAJIRA', 1),
(658, 'CALAMAR', 'GUAVIARE', 1),
(659, 'EL RETORNO', 'GUAVIARE', 1),
(660, 'MIRAFLORES', 'GUAVIARE', 1),
(661, 'SAN JOSE DEL GUAVIARE', 'GUAVIARE', 1),
(662, 'ACEVEDO', 'HUILA', 1),
(663, 'AGRADO', 'HUILA', 1),
(664, 'AIPE', 'HUILA', 1),
(665, 'ALGECIRAS', 'HUILA', 1),
(666, 'ALTAMIRA', 'HUILA', 1),
(667, 'BARAYA', 'HUILA', 1),
(668, 'CAMPOALEGRE', 'HUILA', 1),
(669, 'COLOMBIA', 'HUILA', 1),
(670, 'ELIAS', 'HUILA', 1),
(671, 'GARZON', 'HUILA', 1),
(672, 'GIGANTE', 'HUILA', 1),
(673, 'GUADALUPE', 'HUILA', 1),
(674, 'HOBO', 'HUILA', 1),
(675, 'IQUIRA', 'HUILA', 1),
(676, 'ISNOS', 'HUILA', 1),
(677, 'LA ARGENTINA', 'HUILA', 1),
(678, 'LA PLATA', 'HUILA', 1),
(679, 'NATAGA', 'HUILA', 1),
(680, 'NEIVA', 'HUILA', 1),
(681, 'OPORAPA', 'HUILA', 1),
(682, 'PAICOL', 'HUILA', 1),
(683, 'PALERMO', 'HUILA', 1),
(684, 'PALESTINA', 'HUILA', 1),
(685, 'PITAL', 'HUILA', 1),
(686, 'PITALITO', 'HUILA', 1),
(687, 'RIVERA', 'HUILA', 1),
(688, 'SALADOBLANCO', 'HUILA', 1),
(689, 'SAN AGUSTIN', 'HUILA', 1),
(690, 'SANTA MARIA', 'HUILA', 1),
(691, 'SUAZA', 'HUILA', 1),
(692, 'TARQUI', 'HUILA', 1),
(693, 'TELLO', 'HUILA', 1),
(694, 'TERUEL', 'HUILA', 1),
(695, 'TESALIA', 'HUILA', 1),
(696, 'TIMANA', 'HUILA', 1),
(697, 'VILLAVIEJA', 'HUILA', 1),
(698, 'YAGUARA', 'HUILA', 1),
(699, 'ALGARROBO (MAGDALENA)', 'MAGDALENA', 1),
(700, 'ARACATACA', 'MAGDALENA', 1),
(701, 'ARIGUANI (EL DIFICIL)', 'MAGDALENA', 1),
(702, 'CERRO DE SAN ANTONIO', 'MAGDALENA', 1),
(703, 'CHIVOLO', 'MAGDALENA', 1),
(704, 'CIENAGA', 'MAGDALENA', 1),
(705, 'EL BANCO', 'MAGDALENA', 1),
(706, 'EL PINON', 'MAGDALENA', 1),
(707, 'EL RETEN', 'MAGDALENA', 1),
(708, 'FUNDACION', 'MAGDALENA', 1),
(709, 'GUAMAL', 'MAGDALENA', 1),
(710, 'NUEVA GRANADA (MAGDALENA)', 'MAGDALENA', 1),
(711, 'PEDRAZA', 'MAGDALENA', 1),
(712, 'PIJINO DEL CARMEN', 'MAGDALENA', 1),
(713, 'PIVIJAY', 'MAGDALENA', 1),
(714, 'PLATO', 'MAGDALENA', 1),
(715, 'PUEBLOVIEJO', 'MAGDALENA', 1),
(716, 'REMOLINO', 'MAGDALENA', 1),
(717, 'SALAMINA', 'MAGDALENA', 1),
(718, 'SAN SEBASTIAN DE BUENAVISTA', 'MAGDALENA', 1),
(719, 'SAN ZENON', 'MAGDALENA', 1),
(720, 'SANTA ANA', 'MAGDALENA', 1),
(721, 'SANTA MARTA', 'MAGDALENA', 1),
(722, 'SITIONUEVO', 'MAGDALENA', 1),
(723, 'TENERIFE', 'MAGDALENA', 1),
(724, 'ZONA BANANERA (MAGDALENA)', 'MAGDALENA', 1),
(725, 'ACACIAS', 'META', 1),
(726, 'BARRANCA DE UPIA', 'META', 1),
(727, 'CABUYARO', 'META', 1),
(728, 'CASTILLA LA NUEVA', 'META', 1),
(729, 'CUBARRAL', 'META', 1),
(730, 'CUMARAL', 'META', 1),
(731, 'EL CALVARIO', 'META', 1),
(732, 'EL CASTILLO', 'META', 1),
(733, 'EL DORADO', 'META', 1),
(734, 'FUENTE DE ORO', 'META', 1),
(735, 'GRANADA', 'META', 1),
(736, 'GUAMAL', 'META', 1),
(737, 'LA MACARENA', 'META', 1),
(738, 'LEJANIAS', 'META', 1),
(739, 'MAPIRIPAN', 'META', 1),
(740, 'MESETAS', 'META', 1),
(741, 'PUERTO CONCORDIA', 'META', 1),
(742, 'PUERTO GAITAN', 'META', 1),
(743, 'PUERTO LLERAS', 'META', 1),
(744, 'PUERTO LOPEZ', 'META', 1),
(745, 'PUERTO RICO', 'META', 1),
(746, 'RESTREPO', 'META', 1),
(747, 'SAN CARLOS DE GUAROA', 'META', 1),
(748, 'SAN JUAN DE ARAMA', 'META', 1),
(749, 'SAN JUANITO', 'META', 1),
(750, 'SAN MARTIN', 'META', 1),
(751, 'URIBE', 'META', 1),
(752, 'VILLAVICENCIO', 'META', 1),
(753, 'VISTAHERMOSA', 'META', 1),
(754, 'ALBAN (SAN JOSE)', 'NARINIO', 1),
(755, 'ALDANA', 'NARINIO', 1),
(756, 'ANCUYA', 'NARINIO', 1),
(757, 'ARBOLEDA (BERRUECOS)', 'NARINIO', 1),
(758, 'BARBACOAS', 'NARINIO', 1),
(759, 'BELEN', 'NARINIO', 1),
(760, 'BUESACO', 'NARINIO', 1),
(761, 'CHACHAGUI', 'NARINIO', 1),
(762, 'COLON (GENOVA)', 'NARINIO', 1),
(763, 'CONSACA', 'NARINIO', 1),
(764, 'CONTADERO', 'NARINIO', 1),
(765, 'CORDOBA', 'NARINIO', 1),
(766, 'CUASPUD (CARLOSAMA)', 'NARINIO', 1),
(767, 'CUMBAL', 'NARINIO', 1),
(768, 'CUMBITARA', 'NARINIO', 1),
(769, 'EL CHARCO', 'NARINIO', 1),
(770, 'EL ROSARIO', 'NARINIO', 1),
(771, 'EL TABLON DE GOMEZ', 'NARINIO', 1),
(772, 'EL TAMBO', 'NARINIO', 1),
(773, 'FRANCISCO PIZARRO', 'NARINIO', 1),
(774, 'FUNES', 'NARINIO', 1),
(775, 'GUACHUCAL', 'NARINIO', 1),
(776, 'GUAITARILLA', 'NARINIO', 1),
(777, 'GUALMATAN', 'NARINIO', 1),
(778, 'ILES', 'NARINIO', 1),
(779, 'IMUES', 'NARINIO', 1),
(780, 'IPIALES', 'NARINIO', 1),
(781, 'LA CRUZ', 'NARINIO', 1),
(782, 'LA FLORIDA', 'NARINIO', 1),
(783, 'LA LLANADA', 'NARINIO', 1),
(784, 'LA TOLA', 'NARINIO', 1),
(785, 'LA UNION', 'NARINIO', 1),
(786, 'LEIVA', 'NARINIO', 1),
(787, 'LINARES', 'NARINIO', 1),
(788, 'LOS ANDES (SOTOMAYOR)', 'NARINIO', 1),
(789, 'MAGUI (PAYAN)', 'NARINIO', 1),
(790, 'MALLAMA (PIEDRANCHA)', 'NARINIO', 1),
(791, 'MOSQUERA', 'NARINIO', 1),
(792, 'OLAYA HERRERA (BOCAS DE SATINGA)', 'NARINIO', 1),
(793, 'OSPINA', 'NARINIO', 1),
(794, 'PASTO', 'NARINIO', 1),
(795, 'POLICARPA', 'NARINIO', 1),
(796, 'POTOSI', 'NARINIO', 1),
(797, 'PROVIDENCIA', 'NARINIO', 1),
(798, 'PUERRES', 'NARINIO', 1),
(799, 'PUPIALES', 'NARINIO', 1),
(800, 'RICAURTE', 'NARINIO', 1),
(801, 'ROBERTO PAYAN (SAN JOSE)', 'NARINIO', 1),
(802, 'SAMANIEGO', 'NARINIO', 1),
(803, 'SAN BERNARDO', 'NARINIO', 1),
(804, 'SAN LORENZO', 'NARINIO', 1),
(805, 'SAN PABLO', 'NARINIO', 1),
(806, 'SAN PEDRO DE CARTAGO (CARTAGO)', 'NARINIO', 1),
(807, 'SANDONA', 'NARINIO', 1),
(808, 'SANTA BARBARA (ISCUANDE)', 'NARINIO', 1),
(809, 'SANTA CRUZ (GUACHAVEZ)', 'NARINIO', 1),
(810, 'SAPUYES', 'NARINIO', 1),
(811, 'TAMINANGO', 'NARINIO', 1),
(812, 'TANGUA', 'NARINIO', 1),
(813, 'TUMACO', 'NARINIO', 1),
(814, 'TUQUERRES', 'NARINIO', 1),
(815, 'YACUANQUER', 'NARINIO', 1),
(816, 'ABREGO', 'NORTE DE SANTANDER', 1),
(817, 'ARBOLEDAS', 'NORTE DE SANTANDER', 1),
(818, 'BOCHALEMA', 'NORTE DE SANTANDER', 1),
(819, 'BUCARASICA', 'NORTE DE SANTANDER', 1),
(820, 'CACHIRA', 'NORTE DE SANTANDER', 1),
(821, 'CACOTA', 'NORTE DE SANTANDER', 1),
(822, 'CHINACOTA', 'NORTE DE SANTANDER', 1),
(823, 'CHITAGA', 'NORTE DE SANTANDER', 1),
(824, 'CONVENCION', 'NORTE DE SANTANDER', 1),
(825, 'CUCUTA', 'NORTE DE SANTANDER', 1),
(826, 'CUCUTILLA', 'NORTE DE SANTANDER', 1),
(827, 'DURANIA', 'NORTE DE SANTANDER', 1),
(828, 'EL CARMEN', 'NORTE DE SANTANDER', 1),
(829, 'EL TARRA', 'NORTE DE SANTANDER', 1),
(830, 'EL ZULIA', 'NORTE DE SANTANDER', 1),
(831, 'GRAMALOTE', 'NORTE DE SANTANDER', 1),
(832, 'HACARI', 'NORTE DE SANTANDER', 1),
(833, 'HERRAN', 'NORTE DE SANTANDER', 1),
(834, 'LA ESPERANZA', 'NORTE DE SANTANDER', 1),
(835, 'LA PLAYA', 'NORTE DE SANTANDER', 1),
(836, 'LABATECA', 'NORTE DE SANTANDER', 1),
(837, 'LOS PATIOS', 'NORTE DE SANTANDER', 1),
(838, 'LOURDES', 'NORTE DE SANTANDER', 1),
(839, 'MUTISCUA', 'NORTE DE SANTANDER', 1),
(840, 'OCA?A', 'NORTE DE SANTANDER', 1),
(841, 'PAMPLONA', 'NORTE DE SANTANDER', 1),
(842, 'PAMPLONITA', 'NORTE DE SANTANDER', 1),
(843, 'PUERTO SANTANDER', 'NORTE DE SANTANDER', 1),
(844, 'RAGONVALIA', 'NORTE DE SANTANDER', 1),
(845, 'SALAZAR', 'NORTE DE SANTANDER', 1),
(846, 'SAN CALIXTO', 'NORTE DE SANTANDER', 1),
(847, 'SAN CAYETANO', 'NORTE DE SANTANDER', 1),
(848, 'SANTIAGO', 'NORTE DE SANTANDER', 1),
(849, 'SARDINATA', 'NORTE DE SANTANDER', 1),
(850, 'SILOS', 'NORTE DE SANTANDER', 1),
(851, 'TEORAMA', 'NORTE DE SANTANDER', 1),
(852, 'TIBU', 'NORTE DE SANTANDER', 1),
(853, 'TOLEDO', 'NORTE DE SANTANDER', 1),
(854, 'VILLA DEL ROSARIO', 'NORTE DE SANTANDER', 1),
(855, 'VILLACARO', 'NORTE DE SANTANDER', 1),
(856, 'COLON', 'PUTUMAYO', 1),
(857, 'MOCOA', 'PUTUMAYO', 1),
(858, 'ORITO', 'PUTUMAYO', 1),
(859, 'PUERTO ASIS', 'PUTUMAYO', 1),
(860, 'PUERTO CAICEDO', 'PUTUMAYO', 1),
(861, 'PUERTO GUZMAN', 'PUTUMAYO', 1),
(862, 'PUERTO LEGUIZAMO', 'PUTUMAYO', 1),
(863, 'SAN FRANCISCO', 'PUTUMAYO', 1),
(864, 'SAN MIGUEL (LA DORADA)', 'PUTUMAYO', 1),
(865, 'SANTIAGO', 'PUTUMAYO', 1),
(866, 'SIBUNDOY', 'PUTUMAYO', 1),
(867, 'VALLE DEL GUAMUEZ (LA HORMIGA)', 'PUTUMAYO', 1),
(868, 'VILLAGARZON', 'PUTUMAYO', 1),
(869, 'ARMENIA', 'QUINDIO', 1),
(870, 'BUENAVISTA', 'QUINDIO', 1),
(871, 'CALARCA', 'QUINDIO', 1),
(872, 'CIRCASIA', 'QUINDIO', 1),
(873, 'CORDOBA', 'QUINDIO', 1),
(874, 'FILANDIA', 'QUINDIO', 1),
(875, 'GENOVA', 'QUINDIO', 1),
(876, 'LA TEBAIDA', 'QUINDIO', 1),
(877, 'MONTENEGRO', 'QUINDIO', 1),
(878, 'PIJAO', 'QUINDIO', 1),
(879, 'QUIMBAYA', 'QUINDIO', 1),
(880, 'SALENTO', 'QUINDIO', 1),
(881, 'APIA', 'RISARALDA', 1),
(882, 'BALBOA', 'RISARALDA', 1),
(883, 'BELEN DE UMBRIA', 'RISARALDA', 1),
(884, 'DOS QUEBRADAS', 'RISARALDA', 1),
(885, 'GUATICA', 'RISARALDA', 1),
(886, 'LA CELIA', 'RISARALDA', 1),
(887, 'LA VIRGINIA', 'RISARALDA', 1),
(888, 'MARSELLA', 'RISARALDA', 1),
(889, 'MISTRATO', 'RISARALDA', 1),
(890, 'PEREIRA', 'RISARALDA', 1),
(891, 'PUEBLO RICO', 'RISARALDA', 1),
(892, 'QUINCHIA', 'RISARALDA', 1),
(893, 'SANTA ROSA DE CABAL', 'RISARALDA', 1),
(894, 'SANTUARIO', 'RISARALDA', 1),
(895, 'PROVIDENCIA Y SANTA CATALINA', 'SAN ANDRES Y PROVIDENCIA', 1),
(896, 'SAN ANDRES', 'SAN ANDRES Y PROVIDENCIA', 1),
(897, 'AGUADA', 'SANTANDER', 1),
(898, 'ALBANIA', 'SANTANDER', 1),
(899, 'ARATOCA', 'SANTANDER', 1),
(900, 'BARBOSA', 'SANTANDER', 1),
(901, 'BARICHARA', 'SANTANDER', 1),
(902, 'BARRANCABERMEJA', 'SANTANDER', 1),
(903, 'BETULIA', 'SANTANDER', 1),
(904, 'BOLIVAR', 'SANTANDER', 1),
(905, 'BUCARAMANGA', 'SANTANDER', 1),
(906, 'CABRERA', 'SANTANDER', 1),
(907, 'CALIFORNIA', 'SANTANDER', 1),
(908, 'CAPITANEJO', 'SANTANDER', 1),
(909, 'CARCASI', 'SANTANDER', 1),
(910, 'CEPITA', 'SANTANDER', 1),
(911, 'CERRITO', 'SANTANDER', 1),
(912, 'CHARALA', 'SANTANDER', 1),
(913, 'CHARTA', 'SANTANDER', 1),
(914, 'CHIMA', 'SANTANDER', 1),
(915, 'CHIPATA', 'SANTANDER', 1),
(916, 'CIMITARRA', 'SANTANDER', 1),
(917, 'CONCEPCION', 'SANTANDER', 1),
(918, 'CONFINES', 'SANTANDER', 1),
(919, 'CONTRATACION', 'SANTANDER', 1),
(920, 'COROMORO', 'SANTANDER', 1),
(921, 'CURITI', 'SANTANDER', 1),
(922, 'EL CARMEN DE CHUCURI', 'SANTANDER', 1),
(923, 'EL GUACAMAYO', 'SANTANDER', 1),
(924, 'EL PE?ON', 'SANTANDER', 1),
(925, 'EL PLAYON', 'SANTANDER', 1),
(926, 'ENCINO', 'SANTANDER', 1),
(927, 'ENCISO', 'SANTANDER', 1),
(928, 'FLORIAN', 'SANTANDER', 1),
(929, 'FLORIDABLANCA', 'SANTANDER', 1),
(930, 'GALAN', 'SANTANDER', 1),
(931, 'GAMBITA', 'SANTANDER', 1),
(932, 'GIRON', 'SANTANDER', 1),
(933, 'GUACA', 'SANTANDER', 1),
(934, 'GUADALUPE', 'SANTANDER', 1),
(935, 'GUAPOTA', 'SANTANDER', 1),
(936, 'GUAVATA', 'SANTANDER', 1),
(937, 'GUEPSA', 'SANTANDER', 1),
(938, 'HATO', 'SANTANDER', 1),
(939, 'JESUS MARIA', 'SANTANDER', 1),
(940, 'JORDAN', 'SANTANDER', 1),
(941, 'LA BELLEZA', 'SANTANDER', 1),
(942, 'LA PAZ', 'SANTANDER', 1),
(943, 'LANDAZURI', 'SANTANDER', 1),
(944, 'LEBRIJA', 'SANTANDER', 1),
(945, 'LOS SANTOS', 'SANTANDER', 1),
(946, 'MALAGA', 'SANTANDER', 1),
(947, 'MARACAVITA', 'SANTANDER', 1),
(948, 'MATANZA', 'SANTANDER', 1),
(949, 'MOGOTES', 'SANTANDER', 1),
(950, 'MOLAGAVITA', 'SANTANDER', 1),
(951, 'OCAMONTE', 'SANTANDER', 1),
(952, 'OIBA', 'SANTANDER', 1),
(953, 'ONZAGA', 'SANTANDER', 1),
(954, 'PALMAR', 'SANTANDER', 1),
(955, 'PALMAS DEL SOCORRO', 'SANTANDER', 1),
(956, 'PARAMO', 'SANTANDER', 1),
(957, 'PIEDECUESTA', 'SANTANDER', 1),
(958, 'PINCHOTE', 'SANTANDER', 1),
(959, 'PUENTE NACIONAL', 'SANTANDER', 1),
(960, 'PUERTO PARRA', 'SANTANDER', 1),
(961, 'PUERTO WILCHES', 'SANTANDER', 1),
(962, 'RIONEGRO', 'SANTANDER', 1),
(963, 'SABANA DE TORRES', 'SANTANDER', 1),
(964, 'SAN ANDRES', 'SANTANDER', 1),
(965, 'SAN BENITO', 'SANTANDER', 1),
(966, 'SAN GIL', 'SANTANDER', 1),
(967, 'SAN JOAQUIN', 'SANTANDER', 1),
(968, 'SAN JOSE DE MIRANDA', 'SANTANDER', 1),
(969, 'SAN MIGUEL', 'SANTANDER', 1),
(970, 'SAN VICENTE DEL CHUCURI', 'SANTANDER', 1),
(971, 'SANTA BARBARA', 'SANTANDER', 1),
(972, 'SANTA HELENA DEL OPON', 'SANTANDER', 1),
(973, 'SIMACOTA', 'SANTANDER', 1),
(974, 'SOCORRO', 'SANTANDER', 1),
(975, 'SUAITA', 'SANTANDER', 1),
(976, 'SUCRE', 'SANTANDER', 1),
(977, 'SURATA', 'SANTANDER', 1),
(978, 'TONA', 'SANTANDER', 1),
(979, 'VALLE DE SAN JOSE', 'SANTANDER', 1),
(980, 'VELEZ', 'SANTANDER', 1),
(981, 'VETAS', 'SANTANDER', 1),
(982, 'VILLANUEVA', 'SANTANDER', 1),
(983, 'ZAPATOCA', 'SANTANDER', 1),
(984, 'BUENAVISTA', 'SUCRE', 1),
(985, 'CAIMITO', 'SUCRE', 1),
(986, 'CHALAN', 'SUCRE', 1),
(987, 'COLOSO', 'SUCRE', 1),
(988, 'COROZAL', 'SUCRE', 1),
(989, 'COVEAS (SUCRE)', 'SUCRE', 1),
(990, 'GALERAS', 'SUCRE', 1),
(991, 'GUARANDA', 'SUCRE', 1),
(992, 'LA UNION', 'SUCRE', 1),
(993, 'LOS PALMITOS', 'SUCRE', 1),
(994, 'MAJAGUAL', 'SUCRE', 1),
(995, 'MORROA', 'SUCRE', 1),
(996, 'OVEJAS', 'SUCRE', 1),
(997, 'PALMITO', 'SUCRE', 1),
(998, 'SAMPUES', 'SUCRE', 1),
(999, 'SAN BENITO ABAD', 'SUCRE', 1),
(1000, 'SAN JUAN DE BETULIA', 'SUCRE', 1),
(1001, 'SAN MARCOS', 'SUCRE', 1),
(1002, 'SAN ONOFRE', 'SUCRE', 1),
(1003, 'SAN PEDRO', 'SUCRE', 1),
(1004, 'SANTIAGO DE TOLU', 'SUCRE', 1),
(1005, 'SINCE', 'SUCRE', 1),
(1006, 'SINCELEJO', 'SUCRE', 1),
(1007, 'SUCRE', 'SUCRE', 1),
(1008, 'TOLUVIEJO', 'SUCRE', 1),
(1009, 'ALPUJARRA', 'TOLIMA', 1),
(1010, 'ALVARADO', 'TOLIMA', 1),
(1011, 'AMBALEMA', 'TOLIMA', 1),
(1012, 'ANZOATEGUI', 'TOLIMA', 1),
(1013, 'ARMERO (GUAYABAL)', 'TOLIMA', 1),
(1014, 'ATACO', 'TOLIMA', 1),
(1015, 'CAJAMARCA', 'TOLIMA', 1),
(1016, 'CARMEN DE APICALA', 'TOLIMA', 1),
(1017, 'CASABIANCA', 'TOLIMA', 1),
(1018, 'CHAPARRAL', 'TOLIMA', 1),
(1019, 'COELLO', 'TOLIMA', 1),
(1020, 'COYAIMA', 'TOLIMA', 1),
(1021, 'CUNDAY', 'TOLIMA', 1),
(1022, 'DOLORES', 'TOLIMA', 1),
(1023, 'ESPINAL (CHICORAL) ', 'TOLIMA', 1),
(1024, 'FALAN', 'TOLIMA', 1),
(1025, 'FLANDES', 'TOLIMA', 1),
(1026, 'FRESNO', 'TOLIMA', 1),
(1027, 'GUAMO', 'TOLIMA', 1),
(1028, 'HERVEO', 'TOLIMA', 1),
(1029, 'HONDA', 'TOLIMA', 1),
(1030, 'IBAGUE', 'TOLIMA', 1),
(1031, 'ICONONZO', 'TOLIMA', 1),
(1032, 'LERIDA', 'TOLIMA', 1),
(1033, 'LIBANO', 'TOLIMA', 1),
(1034, 'MARIQUITA', 'TOLIMA', 1),
(1035, 'MELGAR', 'TOLIMA', 1),
(1036, 'MURILLO', 'TOLIMA', 1),
(1037, 'NATAGAIMA', 'TOLIMA', 1),
(1038, 'ORTEGA', 'TOLIMA', 1),
(1039, 'PALOCABILDO', 'TOLIMA', 1),
(1040, 'PIEDRAS', 'TOLIMA', 1),
(1041, 'PLANADAS', 'TOLIMA', 1),
(1042, 'PRADO', 'TOLIMA', 1),
(1043, 'PURIFICACION', 'TOLIMA', 1),
(1044, 'RIOBLANCO', 'TOLIMA', 1),
(1045, 'RONCESVALLES', 'TOLIMA', 1),
(1046, 'ROVIRA', 'TOLIMA', 1),
(1047, 'SALDAYA', 'TOLIMA', 1),
(1048, 'SAN ANTONIO', 'TOLIMA', 1),
(1049, 'SAN LUIS', 'TOLIMA', 1),
(1050, 'SANTA ISABEL', 'TOLIMA', 1),
(1051, 'SUAREZ', 'TOLIMA', 1),
(1052, 'VALLE DE SAN JUAN', 'TOLIMA', 1),
(1053, 'VENADILLO', 'TOLIMA', 1),
(1054, 'VILLAHERMOSA', 'TOLIMA', 1),
(1055, 'VILLARRICA', 'TOLIMA', 1),
(1056, 'ALCALA', 'VALLE DEL CAUCA', 1),
(1057, 'ANDALUCIA', 'VALLE DEL CAUCA', 1),
(1058, 'ANSERMANUEVO', 'VALLE DEL CAUCA', 1),
(1059, 'ARGELIA', 'VALLE DEL CAUCA', 1),
(1060, 'BOLIVAR', 'VALLE DEL CAUCA', 1),
(1061, 'BUENAVENTURA', 'VALLE DEL CAUCA', 1),
(1062, 'BUGALAGRANDE', 'VALLE DEL CAUCA', 1),
(1063, 'CAICEDONIA', 'VALLE DEL CAUCA', 1),
(1064, 'CALI', 'VALLE DEL CAUCA', 1),
(1065, 'CALIMA (EL DARIEN)', 'VALLE DEL CAUCA', 1),
(1066, 'CANDELARIA', 'VALLE DEL CAUCA', 1),
(1067, 'CARTAGO', 'VALLE DEL CAUCA', 1),
(1068, 'DAGUA', 'VALLE DEL CAUCA', 1),
(1069, 'EL AGUILA', 'VALLE DEL CAUCA', 1),
(1070, 'EL CAIRO', 'VALLE DEL CAUCA', 1),
(1071, 'EL CERRITO', 'VALLE DEL CAUCA', 1),
(1072, 'EL DOVIO', 'VALLE DEL CAUCA', 1),
(1073, 'FLORIDA', 'VALLE DEL CAUCA', 1),
(1074, 'GINEBRA', 'VALLE DEL CAUCA', 1),
(1075, 'GUACARI', 'VALLE DEL CAUCA', 1),
(1076, 'GUADALAJARA DE BUGA ', 'VALLE DEL CAUCA', 1),
(1077, 'JAMUNDI', 'VALLE DEL CAUCA', 1),
(1078, 'LA CUMBRE', 'VALLE DEL CAUCA', 1),
(1079, 'LA UNION', 'VALLE DEL CAUCA', 1),
(1080, 'LA VICTORIA', 'VALLE DEL CAUCA', 1),
(1081, 'OBANDO', 'VALLE DEL CAUCA', 1),
(1082, 'PALMIRA', 'VALLE DEL CAUCA', 1),
(1083, 'PRADERA', 'VALLE DEL CAUCA', 1),
(1084, 'RESTREPO', 'VALLE DEL CAUCA', 1),
(1085, 'RIOFRIO', 'VALLE DEL CAUCA', 1),
(1086, 'ROLDANILLO', 'VALLE DEL CAUCA', 1),
(1087, 'SAN PEDRO', 'VALLE DEL CAUCA', 1),
(1088, 'SEVILLA', 'VALLE DEL CAUCA', 1),
(1089, 'TORO', 'VALLE DEL CAUCA', 1),
(1090, 'TRUJILLO', 'VALLE DEL CAUCA', 1),
(1091, 'TULUA', 'VALLE DEL CAUCA', 1),
(1092, 'ULLOA', 'VALLE DEL CAUCA', 1),
(1093, 'VERSALLES', 'VALLE DEL CAUCA', 1),
(1094, 'VIJES', 'VALLE DEL CAUCA', 1),
(1095, 'YOTOCO', 'VALLE DEL CAUCA', 1),
(1096, 'YUMBO', 'VALLE DEL CAUCA', 1),
(1097, 'ZARZAL', 'VALLE DEL CAUCA', 1),
(1098, 'ACARICUARA', 'VAUPES', 1),
(1099, 'CARURU', 'VAUPES', 1),
(1100, 'MITU', 'VAUPES', 1),
(1101, 'PACOA (CD)', 'VAUPES', 1),
(1102, 'PAPUNAUA (CD)', 'VAUPES', 1),
(1103, 'TARAIRA', 'VAUPES', 1),
(1104, 'VILLA FATIMA', 'VAUPES', 1),
(1105, 'YAVARATE (CD)', 'VAUPES', 1),
(1106, 'CUMARIBO', 'VICHADA', 1),
(1107, 'LA PRIMAVERA', 'VICHADA', 1),
(1108, 'PUERTO CARRE?O', 'VICHADA', 1),
(1109, 'SAN JOSE DE OCUNE', 'VICHADA', 1),
(1110, 'SANTA RITA', 'VICHADA', 1),
(1111, 'SANTA ROSALIA', 'VICHADA', 1);

-- --------------------------------------------------------

--
-- Estructura de tabla para la tabla `matricula`
--

CREATE TABLE `matricula` (
  `idmatricula` int(11) NOT NULL,
  `idestudiante` int(11) NOT NULL,
  `idprograma` int(11) NOT NULL,
  `idhorario` int(11) NOT NULL,
  `idusuario` int(11) NOT NULL,
  `precio_mes` int(7) NOT NULL,
  `pagado` int(8) NOT NULL DEFAULT '0',
  `fecha_registro` datetime NOT NULL DEFAULT CURRENT_TIMESTAMP,
  `diploma_bachiller` tinyint(1) NOT NULL DEFAULT '0',
  `certificado_9` tinyint(1) NOT NULL DEFAULT '0',
  `fotocopia_identificacion` tinyint(1) NOT NULL DEFAULT '0',
  `fotocopia_registro_civil` tinyint(1) NOT NULL DEFAULT '0',
  `carpeta` tinyint(1) NOT NULL DEFAULT '0',
  `seguro` tinyint(1) NOT NULL,
  `condicion` tinyint(1) NOT NULL
) ENGINE=InnoDB DEFAULT CHARSET=utf8;

--
-- Volcado de datos para la tabla `matricula`
--

INSERT INTO `matricula` (`idmatricula`, `idestudiante`, `idprograma`, `idhorario`, `idusuario`, `precio_mes`, `pagado`, `fecha_registro`, `diploma_bachiller`, `certificado_9`, `fotocopia_identificacion`, `fotocopia_registro_civil`, `carpeta`, `seguro`, `condicion`) VALUES
(15, 10, 4, 9, 1, 110000, 0, '2022-10-21 00:00:00', 0, 0, 0, 0, 0, 0, 1),
(16, 11, 4, 9, 1, 110000, 1040000, '2022-10-21 00:00:00', 0, 0, 0, 0, 0, 0, 1),
(17, 12, 4, 1, 1, 110000, 0, '2022-10-21 00:00:00', 0, 0, 0, 0, 0, 0, 1),
(18, 13, 4, 9, 1, 110000, 930000, '2022-10-21 00:00:00', 0, 0, 0, 0, 0, 0, 1),
(20, 14, 4, 9, 1, 110000, 935000, '2022-10-21 00:00:00', 0, 0, 0, 0, 0, 0, 1),
(21, 15, 3, 1, 1, 110000, 1100000, '2022-10-21 00:00:00', 0, 0, 0, 0, 0, 0, 1),
(23, 16, 3, 1, 1, 110000, 820000, '2022-10-21 00:00:00', 0, 0, 0, 0, 0, 0, 1),
(24, 215, 3, 1, 1, 110000, 0, '2022-10-21 00:00:00', 0, 0, 0, 0, 0, 0, 1),
(25, 18, 3, 1, 1, 110000, 1010000, '2022-10-21 00:00:00', 0, 0, 0, 0, 0, 0, 1),
(27, 19, 6, 7, 1, 110000, 890000, '2022-10-21 00:00:00', 0, 0, 0, 0, 0, 0, 1),
(28, 20, 6, 9, 1, 110000, 950000, '2022-10-21 00:00:00', 0, 0, 0, 0, 0, 0, 1),
(29, 21, 6, 9, 1, 110000, 980000, '2022-10-21 00:00:00', 0, 0, 0, 0, 0, 0, 1),
(30, 22, 6, 9, 1, 110000, 1100000, '2022-10-21 00:00:00', 0, 0, 0, 0, 0, 0, 1),
(31, 23, 6, 2, 1, 110000, 1980000, '2022-10-21 00:00:00', 0, 0, 0, 0, 0, 0, 1),
(32, 24, 4, 9, 1, 110000, 110000, '2022-10-21 00:00:00', 0, 0, 0, 0, 0, 0, 1),
(33, 25, 4, 9, 1, 110000, 360000, '2022-10-21 00:00:00', 0, 0, 0, 0, 0, 0, 1),
(34, 26, 4, 9, 1, 110000, 160000, '2022-10-21 00:00:00', 0, 0, 0, 0, 0, 0, 1),
(35, 27, 4, 9, 1, 110000, 940000, '2022-10-21 00:00:00', 0, 0, 0, 0, 0, 0, 1),
(36, 28, 4, 9, 1, 110000, 1290000, '2022-10-21 00:00:00', 0, 0, 0, 0, 0, 0, 1),
(37, 29, 4, 9, 1, 110000, 750000, '2022-10-21 00:00:00', 0, 0, 0, 0, 0, 0, 1),
(38, 30, 4, 9, 1, 110000, 770000, '2022-10-21 00:00:00', 0, 0, 0, 0, 0, 0, 1),
(39, 31, 4, 9, 1, 110000, 990000, '2022-10-21 00:00:00', 0, 0, 0, 0, 0, 0, 1),
(40, 32, 4, 1, 1, 110000, 900000, '2022-10-21 00:00:00', 0, 0, 0, 0, 0, 0, 1),
(41, 33, 4, 1, 1, 110000, 220000, '2022-10-21 00:00:00', 0, 0, 0, 0, 0, 0, 1),
(42, 34, 1, 1, 1, 110000, 740000, '2022-10-21 00:00:00', 0, 0, 0, 0, 0, 0, 1),
(43, 35, 1, 1, 1, 110000, 960000, '2022-10-21 00:00:00', 0, 0, 0, 0, 0, 0, 1),
(44, 36, 6, 7, 1, 110000, 1100000, '2022-10-21 00:00:00', 0, 0, 0, 0, 0, 0, 1),
(45, 38, 1, 1, 1, 110000, 520000, '2022-10-21 00:00:00', 0, 0, 0, 0, 0, 0, 1),
(46, 39, 1, 1, 1, 110000, 630000, '2022-10-21 00:00:00', 0, 0, 0, 0, 0, 0, 1),
(47, 40, 1, 1, 1, 110000, 1030000, '2022-10-21 00:00:00', 0, 0, 0, 0, 0, 0, 1),
(48, 41, 4, 9, 1, 110000, 500000, '2022-10-21 00:00:00', 0, 0, 0, 0, 0, 0, 1),
(49, 42, 4, 9, 1, 110000, 985000, '2022-10-21 00:00:00', 0, 0, 0, 0, 0, 0, 1),
(50, 43, 4, 9, 1, 110000, 1100000, '2022-10-21 00:00:00', 0, 0, 0, 0, 0, 0, 1),
(51, 44, 4, 9, 1, 110000, 1050000, '2022-10-21 00:00:00', 0, 0, 0, 0, 0, 0, 1),
(52, 45, 4, 9, 1, 110000, 1210000, '2022-10-21 00:00:00', 0, 0, 0, 0, 0, 0, 1),
(53, 46, 4, 9, 1, 110000, 1050000, '2022-10-21 00:00:00', 0, 0, 0, 0, 0, 0, 1),
(54, 47, 4, 9, 1, 110000, 220000, '2022-10-21 00:00:00', 0, 0, 0, 0, 0, 0, 1),
(55, 48, 4, 9, 1, 110000, 1100000, '2022-10-21 00:00:00', 0, 0, 0, 0, 0, 0, 1),
(56, 49, 3, 1, 1, 110000, 1980000, '2022-10-21 00:00:00', 0, 0, 0, 0, 0, 0, 1),
(57, 50, 3, 1, 1, 110000, 1260000, '2022-10-21 00:00:00', 0, 0, 0, 0, 0, 0, 1),
(58, 51, 3, 1, 1, 110000, 560000, '2022-10-21 00:00:00', 0, 0, 0, 0, 0, 0, 1),
(59, 52, 3, 1, 1, 110000, 910000, '2022-10-21 00:00:00', 0, 0, 0, 0, 0, 0, 1),
(60, 53, 3, 1, 1, 110000, 750000, '2022-10-21 00:00:00', 0, 0, 0, 0, 0, 0, 1),
(61, 54, 3, 1, 1, 110000, 1650000, '2022-10-21 00:00:00', 0, 0, 0, 0, 0, 0, 1),
(62, 55, 3, 1, 1, 110000, -30000, '2022-10-21 00:00:00', 0, 0, 0, 0, 0, 0, 1),
(63, 56, 3, 1, 1, 110000, 980000, '2022-10-21 00:00:00', 0, 0, 0, 0, 0, 0, 1),
(64, 57, 6, 2, 1, 110000, 0, '2022-10-21 00:00:00', 0, 0, 0, 0, 0, 0, 1),
(65, 58, 6, 2, 1, 110000, 910000, '2022-10-21 00:00:00', 0, 0, 0, 0, 0, 0, 1),
(66, 59, 6, 2, 1, 110000, 1030000, '2022-10-21 00:00:00', 0, 0, 0, 0, 0, 0, 1),
(67, 60, 6, 2, 1, 110000, 910000, '2022-10-21 00:00:00', 0, 0, 0, 0, 0, 0, 1),
(68, 61, 6, 2, 1, 110000, 410000, '2022-10-21 00:00:00', 0, 0, 0, 0, 0, 0, 1),
(69, 62, 6, 9, 1, 110000, 1920000, '2022-10-21 00:00:00', 0, 0, 0, 0, 0, 0, 1),
(70, 63, 6, 9, 1, 110000, 670000, '2022-10-21 00:00:00', 0, 0, 0, 0, 0, 0, 1),
(71, 64, 6, 9, 1, 110000, 1100000, '2022-10-21 00:00:00', 0, 0, 0, 0, 0, 0, 1),
(72, 65, 6, 9, 1, 110000, 1278000, '2022-10-21 00:00:00', 0, 0, 0, 0, 0, 0, 1),
(73, 66, 6, 9, 1, 110000, 220000, '2022-10-21 00:00:00', 0, 0, 0, 0, 0, 0, 1),
(74, 67, 6, 9, 1, 110000, 870000, '2022-10-21 00:00:00', 0, 0, 0, 0, 0, 0, 1),
(75, 68, 6, 9, 1, 110000, 880000, '2022-10-21 00:00:00', 0, 0, 0, 0, 0, 0, 1),
(76, 69, 6, 9, 1, 110000, 110000, '2022-10-21 00:00:00', 0, 0, 0, 0, 0, 0, 1),
(77, 70, 6, 8, 1, 110000, 990000, '2022-10-21 00:00:00', 0, 0, 0, 0, 0, 0, 1),
(78, 71, 6, 2, 1, 110000, 1010000, '2022-10-21 00:00:00', 0, 0, 0, 0, 0, 0, 1),
(79, 72, 6, 2, 1, 110000, 440000, '2022-10-21 00:00:00', 0, 0, 0, 0, 0, 0, 1),
(80, 73, 6, 2, 1, 110000, 1110000, '2022-10-21 00:00:00', 0, 0, 0, 0, 0, 0, 1),
(81, 74, 6, 2, 1, 110000, 1540000, '2022-10-21 00:00:00', 0, 0, 0, 0, 0, 0, 1),
(82, 75, 3, 1, 1, 110000, 980000, '2022-10-21 00:00:00', 0, 0, 0, 0, 0, 0, 1),
(83, 76, 3, 1, 1, 110000, 1000000, '2022-10-21 00:00:00', 0, 0, 0, 0, 0, 0, 1),
(84, 77, 3, 1, 1, 110000, 1240000, '2022-10-21 00:00:00', 0, 0, 0, 0, 0, 0, 1),
(85, 78, 3, 1, 1, 110000, 890000, '2022-10-21 00:00:00', 0, 0, 0, 0, 0, 0, 1),
(86, 79, 6, 9, 1, 110000, 760000, '2022-10-21 00:00:00', 0, 0, 0, 0, 0, 0, 1),
(87, 80, 6, 9, 1, 110000, 110000, '2022-10-21 00:00:00', 0, 0, 0, 0, 0, 0, 1),
(88, 81, 6, 9, 1, 110000, 220000, '2022-10-21 00:00:00', 0, 0, 0, 0, 0, 0, 1),
(89, 83, 6, 9, 1, 110000, 330000, '2022-10-21 00:00:00', 0, 0, 0, 0, 0, 0, 1),
(90, 84, 6, 9, 1, 110000, 1100000, '2022-10-21 00:00:00', 0, 0, 0, 0, 0, 0, 1),
(91, 85, 6, 7, 1, 110000, 1290000, '2022-10-21 00:00:00', 0, 0, 0, 0, 0, 0, 1),
(92, 86, 6, 7, 1, 110000, 1150000, '2022-10-21 00:00:00', 0, 0, 0, 0, 0, 0, 1),
(93, 87, 6, 7, 1, 110000, 1555556, '2022-10-21 00:00:00', 0, 0, 0, 0, 0, 0, 1),
(94, 88, 3, 1, 1, 110000, 110000, '2022-10-21 00:00:00', 0, 0, 0, 0, 0, 0, 1),
(95, 89, 3, 1, 1, 110000, 840000, '2022-10-21 00:00:00', 0, 0, 0, 0, 0, 0, 1),
(96, 90, 3, 1, 1, 110000, 1060000, '2022-10-21 00:00:00', 0, 0, 0, 0, 0, 0, 1),
(97, 91, 3, 1, 1, 110000, 1090000, '2022-10-21 00:00:00', 0, 0, 0, 0, 0, 0, 1),
(98, 92, 6, 9, 1, 110000, 870000, '2022-10-21 00:00:00', 0, 0, 0, 0, 0, 0, 1),
(99, 93, 6, 9, 1, 110000, 1250000, '2022-10-21 00:00:00', 0, 0, 0, 0, 0, 0, 1),
(100, 94, 6, 9, 1, 110000, 990000, '2022-10-21 00:00:00', 0, 0, 0, 0, 0, 0, 1),
(101, 95, 6, 9, 1, 110000, 960000, '2022-10-21 00:00:00', 0, 0, 0, 0, 0, 0, 1),
(102, 96, 6, 9, 1, 110000, 660000, '2022-10-21 00:00:00', 0, 0, 0, 0, 0, 0, 1),
(103, 97, 6, 7, 1, 110000, 500000, '2022-10-21 00:00:00', 0, 0, 0, 0, 0, 0, 1),
(104, 98, 6, 7, 1, 110000, 830000, '2022-10-21 00:00:00', 0, 0, 0, 0, 0, 0, 1),
(105, 99, 6, 7, 1, 110000, 220000, '2022-10-21 00:00:00', 0, 0, 0, 0, 0, 0, 1),
(106, 100, 6, 7, 1, 110000, 390000, '2022-10-21 00:00:00', 0, 0, 0, 0, 0, 0, 1),
(107, 101, 3, 1, 1, 110000, 340000, '2022-10-21 00:00:00', 0, 0, 0, 0, 0, 0, 1),
(108, 102, 3, 1, 1, 110000, 770000, '2022-10-21 00:00:00', 0, 0, 0, 0, 0, 0, 1),
(109, 103, 3, 1, 1, 110000, 990000, '2022-10-21 00:00:00', 0, 0, 0, 0, 0, 0, 1),
(110, 104, 4, 9, 1, 110000, 710000, '2022-10-21 00:00:00', 0, 0, 0, 0, 0, 0, 1),
(111, 105, 6, 7, 1, 110000, 280000, '2022-10-21 00:00:00', 0, 0, 0, 0, 0, 0, 1),
(112, 106, 6, 7, 1, 110000, 540000, '2022-10-21 00:00:00', 0, 0, 0, 0, 0, 0, 1),
(113, 107, 6, 7, 1, 110000, 730000, '2022-10-21 00:00:00', 0, 0, 0, 0, 0, 0, 1),
(114, 108, 6, 7, 1, 110000, 720000, '2022-10-21 00:00:00', 0, 0, 0, 0, 0, 0, 1),
(115, 109, 6, 7, 1, 110000, 0, '2022-10-21 00:00:00', 0, 0, 0, 0, 0, 0, 1),
(116, 110, 4, 9, 1, 110000, 1050000, '2022-10-21 00:00:00', 0, 0, 0, 0, 0, 0, 1),
(117, 111, 4, 9, 1, 110000, 880000, '2022-10-21 00:00:00', 0, 0, 0, 0, 0, 0, 1),
(118, 113, 6, 2, 1, 110000, 1000000, '2022-10-21 00:00:00', 0, 0, 0, 0, 0, 0, 1),
(119, 114, 6, 2, 1, 110000, 1110000, '2022-10-21 00:00:00', 0, 0, 0, 0, 0, 0, 1),
(120, 115, 6, 7, 1, 110000, 910000, '2022-10-21 00:00:00', 0, 0, 0, 0, 0, 0, 1),
(121, 116, 6, 7, 1, 110000, 990000, '2022-10-21 00:00:00', 0, 0, 0, 0, 0, 0, 1),
(122, 117, 6, 7, 1, 110000, 660000, '2022-10-21 00:00:00', 0, 0, 0, 0, 0, 0, 1),
(123, 118, 6, 7, 1, 110000, 830000, '2022-10-21 00:00:00', 0, 0, 0, 0, 0, 0, 1),
(124, 120, 6, 1, 1, 110000, 150000, '2022-10-21 00:00:00', 0, 0, 0, 0, 0, 0, 1),
(125, 121, 6, 1, 1, 110000, 740000, '2022-10-21 00:00:00', 0, 0, 0, 0, 0, 0, 1),
(126, 122, 4, 7, 1, 110000, 530000, '2022-10-21 00:00:00', 0, 0, 0, 0, 0, 0, 1),
(127, 123, 4, 7, 1, 110000, 480000, '2022-10-21 00:00:00', 0, 0, 0, 0, 0, 0, 1),
(128, 124, 4, 1, 1, 110000, 110000, '2022-10-21 00:00:00', 0, 0, 0, 0, 0, 0, 1),
(129, 126, 6, 7, 1, 110000, 0, '2022-10-21 00:00:00', 0, 0, 0, 0, 0, 0, 1),
(130, 128, 4, 7, 1, 110000, 550000, '2022-10-21 00:00:00', 0, 0, 0, 0, 0, 0, 1),
(131, 129, 3, 9, 1, 110000, 610000, '2022-10-21 00:00:00', 0, 0, 0, 0, 0, 0, 1),
(132, 130, 6, 1, 1, 110000, 550000, '2022-10-21 00:00:00', 0, 0, 0, 0, 0, 0, 1),
(133, 131, 1, 1, 1, 110000, 280000, '2022-10-21 00:00:00', 0, 0, 0, 0, 0, 0, 1),
(134, 132, 6, 1, 1, 110000, 550000, '2022-10-21 00:00:00', 0, 0, 0, 0, 0, 0, 1),
(135, 133, 6, 1, 1, 110000, 650000, '2022-10-21 00:00:00', 0, 0, 0, 0, 0, 0, 1),
(136, 134, 6, 1, 1, 110000, 390000, '2022-10-21 00:00:00', 0, 0, 0, 0, 0, 0, 1),
(137, 135, 4, 9, 1, 110000, 550000, '2022-10-21 00:00:00', 0, 0, 0, 0, 0, 0, 1),
(138, 136, 4, 9, 1, 110000, 564000, '2022-10-21 00:00:00', 0, 0, 0, 0, 0, 0, 1),
(139, 137, 6, 9, 1, 110000, 990000, '2022-10-21 00:00:00', 0, 0, 0, 0, 0, 0, 1),
(140, 138, 4, 9, 1, 110000, 1000000, '2022-10-21 00:00:00', 0, 0, 0, 0, 0, 0, 1),
(141, 139, 6, 1, 1, 110000, 660000, '2022-10-21 00:00:00', 0, 0, 0, 0, 0, 0, 1),
(142, 141, 6, 1, 1, 110000, 440000, '2022-10-21 00:00:00', 0, 0, 0, 0, 0, 0, 1),
(143, 142, 4, 7, 1, 110000, 220000, '2022-10-21 00:00:00', 0, 0, 0, 0, 0, 0, 1),
(144, 143, 4, 9, 1, 110000, 110000, '2022-10-21 00:00:00', 0, 0, 0, 0, 0, 0, 1),
(145, 144, 6, 1, 1, 110000, 540000, '2022-10-21 00:00:00', 0, 0, 0, 0, 0, 0, 1),
(146, 145, 1, 7, 1, 110000, 110000, '2022-10-21 00:00:00', 0, 0, 0, 0, 0, 0, 1),
(147, 146, 6, 1, 1, 110000, 500000, '2022-10-21 00:00:00', 0, 0, 0, 0, 0, 0, 1),
(148, 147, 4, 7, 1, 110000, 450000, '2022-10-21 00:00:00', 0, 0, 0, 0, 0, 0, 1),
(149, 148, 6, 7, 1, 110000, 330000, '2022-10-21 00:00:00', 0, 0, 0, 0, 0, 0, 1),
(150, 149, 6, 1, 1, 110000, 550000, '2022-10-21 00:00:00', 0, 0, 0, 0, 0, 0, 1),
(151, 150, 6, 7, 1, 110000, 440000, '2022-10-21 00:00:00', 0, 0, 0, 0, 0, 0, 1),
(152, 151, 3, 9, 1, 110000, 320000, '2022-10-21 00:00:00', 0, 0, 0, 0, 0, 0, 1),
(153, 152, 3, 9, 1, 110000, 110000, '2022-10-21 00:00:00', 0, 0, 0, 0, 0, 0, 1),
(154, 153, 6, 1, 1, 110000, 550000, '2022-10-21 00:00:00', 0, 0, 0, 0, 0, 0, 1),
(155, 154, 4, 7, 1, 110000, 550000, '2022-10-21 00:00:00', 0, 0, 0, 0, 0, 0, 1),
(156, 155, 6, 7, 1, 110000, 120000, '2022-10-21 00:00:00', 0, 0, 0, 0, 0, 0, 1),
(157, 156, 1, 1, 1, 110000, 550000, '2022-10-21 00:00:00', 0, 0, 0, 0, 0, 0, 1),
(158, 157, 6, 9, 1, 110000, 440000, '2022-10-21 00:00:00', 0, 0, 0, 0, 0, 0, 1),
(159, 158, 6, 7, 1, 110000, 110000, '2022-10-21 00:00:00', 0, 0, 0, 0, 0, 0, 1),
(160, 159, 6, 7, 1, 110000, 550000, '2022-10-21 00:00:00', 0, 0, 0, 0, 0, 0, 1),
(161, 160, 3, 1, 1, 110000, 0, '2022-10-21 00:00:00', 0, 0, 0, 0, 0, 0, 1),
(162, 161, 6, 7, 1, 110000, 110000, '2022-10-21 00:00:00', 0, 0, 0, 0, 0, 0, 1),
(163, 162, 6, 1, 1, 110000, 550000, '2022-10-21 00:00:00', 0, 0, 0, 0, 0, 0, 1),
(164, 163, 6, 7, 1, 110000, 0, '2022-10-21 00:00:00', 0, 0, 0, 0, 0, 0, 1),
(165, 164, 6, 7, 1, 110000, 0, '2022-10-21 00:00:00', 0, 0, 0, 0, 0, 0, 1),
(166, 165, 6, 7, 1, 110000, 0, '2022-10-21 00:00:00', 0, 0, 0, 0, 0, 0, 1),
(167, 166, 4, 7, 1, 110000, 220000, '2022-10-21 00:00:00', 0, 0, 0, 0, 0, 0, 1),
(168, 167, 4, 0, 1, 110000, 110000, '2022-10-21 00:00:00', 0, 0, 0, 0, 0, 0, 1),
(169, 168, 6, 7, 1, 110000, 650000, '2022-10-21 00:00:00', 0, 0, 0, 0, 0, 0, 1),
(170, 169, 6, 7, 1, 110000, 220000, '2022-10-21 00:00:00', 0, 0, 0, 0, 0, 0, 1),
(171, 170, 3, 9, 1, 110000, 210000, '2022-10-21 00:00:00', 0, 0, 0, 0, 0, 0, 1),
(172, 171, 6, 1, 1, 110000, 430000, '2022-10-21 00:00:00', 0, 0, 0, 0, 0, 0, 1),
(173, 172, 6, 7, 1, 110000, 110000, '2022-10-21 00:00:00', 0, 0, 0, 0, 0, 0, 1),
(174, 173, 6, 1, 1, 110000, 610000, '2022-10-21 00:00:00', 0, 0, 0, 0, 0, 0, 1),
(175, 174, 3, 9, 1, 110000, 660000, '2022-10-21 00:00:00', 0, 0, 0, 0, 0, 0, 1),
(176, 175, 3, 9, 1, 110000, 220000, '2022-10-21 00:00:00', 0, 0, 0, 0, 0, 0, 1),
(177, 176, 1, 1, 1, 110000, 321000, '2022-10-21 00:00:00', 0, 0, 0, 0, 0, 0, 1),
(178, 177, 1, 1, 1, 110000, 110000, '2022-10-21 00:00:00', 0, 0, 0, 0, 0, 0, 1),
(179, 178, 1, 1, 1, 110000, 0, '2022-10-21 00:00:00', 0, 0, 0, 0, 0, 0, 1),
(180, 179, 1, 7, 1, 110000, 220000, '2022-10-21 00:00:00', 0, 0, 0, 0, 0, 0, 1),
(181, 180, 4, 9, 1, 110000, 330000, '2022-10-21 00:00:00', 0, 0, 0, 0, 0, 0, 1),
(182, 181, 6, 1, 1, 110000, 0, '2022-10-21 00:00:00', 1, 0, 1, 0, 0, 0, 1),
(183, 182, 6, 7, 1, 110000, 420000, '2022-10-21 00:00:00', 0, 0, 0, 0, 0, 0, 1),
(184, 183, 6, 7, 1, 110000, 500000, '2022-10-21 00:00:00', 0, 0, 0, 0, 0, 0, 1),
(185, 184, 4, 7, 1, 110000, 550000, '2022-10-21 00:00:00', 0, 0, 0, 0, 0, 0, 1),
(186, 185, 3, 9, 1, 110000, 110000, '2022-10-21 00:00:00', 0, 0, 0, 0, 0, 0, 1),
(187, 186, 3, 9, 1, 110000, 110000, '2022-10-21 00:00:00', 0, 0, 0, 0, 0, 0, 1),
(188, 187, 6, 7, 1, 110000, 657000, '2022-10-21 00:00:00', 0, 0, 0, 0, 0, 0, 1),
(189, 188, 4, 7, 1, 110000, 550000, '2022-10-21 00:00:00', 0, 0, 0, 0, 0, 0, 1),
(190, 189, 3, 9, 1, 110000, 110000, '2022-10-21 00:00:00', 0, 0, 0, 0, 0, 0, 1),
(191, 190, 4, 7, 1, 110000, 500000, '2022-10-21 00:00:00', 0, 0, 0, 0, 0, 0, 1),
(192, 191, 3, 9, 1, 110000, 170000, '2022-10-21 00:00:00', 0, 0, 0, 0, 0, 0, 1),
(193, 192, 1, 1, 1, 110000, 1290000, '2022-10-21 00:00:00', 0, 0, 0, 0, 0, 0, 1),
(194, 193, 3, 7, 1, 110000, 330000, '2022-10-21 00:00:00', 0, 0, 0, 0, 0, 0, 1),
(195, 194, 6, 7, 1, 110000, 380000, '2022-10-21 00:00:00', 0, 0, 0, 0, 0, 0, 1),
(196, 195, 3, 9, 1, 110000, 110000, '2022-10-21 00:00:00', 0, 0, 0, 0, 0, 0, 1),
(197, 196, 3, 9, 1, 110000, 170000, '2022-10-21 00:00:00', 0, 0, 0, 0, 0, 0, 1),
(198, 197, 6, 7, 1, 110000, 300000, '2022-10-21 00:00:00', 0, 0, 0, 0, 0, 0, 1),
(199, 198, 3, 9, 1, 110000, 370000, '2022-10-21 00:00:00', 0, 0, 0, 0, 0, 0, 1),
(200, 199, 3, 1, 1, 110000, 515000, '2022-10-21 00:00:00', 0, 0, 0, 0, 0, 0, 1),
(201, 200, 6, 7, 1, 110000, 110000, '2022-10-21 00:00:00', 0, 0, 0, 0, 0, 0, 1),
(202, 201, 6, 7, 1, 110000, 110000, '2022-10-21 00:00:00', 0, 0, 0, 0, 0, 0, 1),
(203, 202, 6, 7, 1, 110000, 280000, '2022-10-21 00:00:00', 0, 0, 0, 0, 0, 0, 1),
(204, 203, 3, 9, 1, 110000, 310000, '2022-10-21 00:00:00', 0, 0, 0, 0, 0, 0, 1),
(205, 204, 6, 1, 1, 110000, 500000, '2022-10-21 00:00:00', 0, 0, 0, 0, 0, 0, 1),
(206, 205, 6, 7, 1, 110000, 440000, '2022-10-21 00:00:00', 0, 0, 0, 0, 0, 0, 1),
(207, 206, 4, 7, 1, 110000, 660000, '2022-10-21 00:00:00', 0, 0, 0, 0, 0, 0, 1),
(208, 207, 6, 7, 1, 110000, 247500, '2022-10-21 00:00:00', 0, 0, 0, 0, 0, 0, 1),
(209, 208, 6, 1, 1, 110000, 110000, '2022-10-21 00:00:00', 0, 0, 0, 0, 0, 0, 1),
(210, 209, 6, 1, 1, 110000, 280000, '2022-10-21 00:00:00', 0, 0, 0, 0, 0, 0, 1),
(211, 210, 6, 7, 1, 110000, 0, '2022-10-21 00:00:00', 0, 0, 0, 0, 0, 0, 1),
(212, 213, 6, 7, 1, 110000, 517000, '2022-10-21 00:00:00', 0, 0, 0, 0, 0, 0, 1),
(213, 215, 4, 7, 1, 110000, 110000, '2022-10-21 00:00:00', 0, 0, 0, 0, 0, 0, 1),
(214, 304, 1, 1, 1, 110000, 1150000, '2022-10-24 00:00:00', 1, 0, 1, 0, 1, 0, 1),
(218, 83, 4, 7, 1, 110000, 290000, '2022-11-08 08:54:42', 0, 0, 0, 0, 0, 0, 1),
(219, 308, 3, 9, 1, 110000, 660000, '2022-11-09 06:59:43', 0, 0, 0, 0, 0, 0, 1),
(220, 0, 0, 0, 1, 0, 0, '2022-11-09 07:02:56', 0, 0, 0, 0, 0, 0, 1),
(221, 310, 1, 1, 1, 110000, 0, '2022-11-25 11:25:48', 1, 1, 1, 0, 0, 0, 1),
(222, 311, 1, 1, 1, 110000, 0, '2022-11-25 11:32:14', 1, 1, 1, 1, 1, 0, 1),
(223, 312, 1, 1, 1, 110000, 0, '2022-11-25 11:40:24', 0, 0, 0, 0, 0, 0, 1),
(224, 176, 1, 1, 1, 110000, 0, '2022-11-25 11:48:30', 0, 0, 0, 0, 0, 0, 1),
(225, 314, 6, 9, 1, 110000, 0, '2022-11-25 11:57:10', 0, 0, 0, 0, 0, 0, 1),
(226, 315, 4, 9, 1, 110000, 0, '2022-11-25 14:40:26', 0, 0, 0, 0, 0, 0, 1),
(227, 17, 3, 1, 1, 110000, 0, '2022-11-25 14:48:54', 0, 0, 0, 0, 0, 0, 1),
(228, 318, 3, 1, 1, 110000, 0, '2022-11-25 14:59:27', 0, 0, 0, 0, 0, 0, 1),
(229, 319, 6, 7, 1, 110000, 0, '2022-11-25 15:09:22', 1, 1, 1, 1, 1, 0, 1),
(230, 320, 6, 9, 1, 110000, 0, '2022-11-25 15:10:49', 0, 0, 0, 0, 0, 0, 1),
(231, 321, 6, 2, 1, 110000, 0, '2022-11-25 15:42:49', 0, 0, 0, 0, 0, 0, 1),
(232, 322, 1, 1, 1, 110000, 0, '2022-11-25 16:34:29', 0, 0, 0, 0, 0, 0, 1),
(233, 323, 1, 1, 1, 110000, 0, '2022-11-25 16:39:16', 0, 0, 0, 0, 0, 0, 1),
(234, 324, 1, 1, 1, 110000, 0, '2022-11-25 16:56:32', 0, 0, 0, 0, 0, 0, 1),
(235, 325, 3, 9, 1, 110000, 0, '2022-11-25 17:02:14', 1, 1, 1, 1, 1, 0, 1),
(236, 326, 3, 1, 1, 110000, 0, '2022-11-25 17:16:02', 0, 0, 0, 0, 0, 0, 1),
(237, 327, 3, 9, 1, 110000, 0, '2022-11-25 17:37:07', 0, 0, 0, 0, 0, 0, 1),
(238, 328, 6, 7, 1, 110000, 0, '2022-11-25 17:37:51', 0, 0, 0, 0, 0, 0, 1),
(239, 329, 6, 7, 1, 110000, 0, '2022-11-25 17:38:22', 0, 0, 0, 0, 0, 0, 1),
(240, 330, 6, 7, 1, 110000, 0, '2022-11-25 17:38:47', 0, 0, 0, 0, 0, 0, 1),
(241, 331, 1, 1, 1, 110000, 0, '2022-11-25 17:39:15', 0, 0, 0, 0, 0, 0, 1),
(242, 332, 6, 7, 1, 110000, 0, '2022-11-25 17:39:47', 0, 0, 0, 0, 0, 0, 1),
(243, 334, 1, 1, 4, 110000, 0, '2022-11-28 14:49:25', 0, 0, 0, 0, 0, 0, 1),
(245, 333, 3, 1, 1, 110000, 0, '2022-11-28 17:13:27', 1, 1, 1, 1, 1, 0, 1);

-- --------------------------------------------------------

--
-- Estructura de tabla para la tabla `pago`
--

CREATE TABLE `pago` (
  `idpago` int(11) NOT NULL,
  `idmatricula` int(11) NOT NULL,
  `idusuario` int(11) NOT NULL,
  `tipo_pago` varchar(11) NOT NULL,
  `pago` int(11) NOT NULL,
  `fecha_registro` datetime NOT NULL DEFAULT CURRENT_TIMESTAMP,
  `observacion` varchar(40) NOT NULL,
  `estado` tinyint(1) NOT NULL
) ENGINE=InnoDB DEFAULT CHARSET=utf8;

--
-- Volcado de datos para la tabla `pago`
--

INSERT INTO `pago` (`idpago`, `idmatricula`, `idusuario`, `tipo_pago`, `pago`, `fecha_registro`, `observacion`, `estado`) VALUES
(34, 73, 1, 'cuota', 110000, '2022-10-21 00:00:00', '', 1),
(35, 214, 1, 'cuota', 110000, '2022-10-24 00:00:00', '', 1),
(36, 55, 1, 'cuota', 110000, '2022-10-24 00:00:00', '', 1),
(37, 218, 5, 'cuota', 110000, '2022-11-08 09:13:38', '', 1),
(38, 218, 5, 'cuota', 50000, '2022-11-08 09:16:05', '', 0),
(39, 214, 5, 'cuota', 110000, '2022-11-08 10:25:18', '', 0),
(41, 218, 5, 'cuota', 50000, '2022-11-08 10:28:57', '', 0),
(42, 214, 5, 'cuota', 50000, '2022-11-08 10:29:58', '', 1),
(43, 218, 5, 'cuota', 110000, '2022-11-08 10:31:38', '', 0),
(44, 81, 6, 'cuota', 110000, '2022-11-09 06:39:28', '', 1),
(45, 25, 6, 'cuota', 110000, '2022-11-09 06:41:14', '', 1),
(46, 53, 6, 'cuota', 110000, '2022-11-09 06:43:35', '', 1),
(47, 72, 6, 'cuota', 110000, '2022-11-09 06:44:56', '', 1),
(48, 109, 6, 'cuota', 110000, '2022-11-09 06:46:10', '', 1),
(49, 108, 6, 'cuota', 110000, '2022-11-09 06:47:06', '', 1),
(50, 29, 6, 'cuota', 400000, '2022-11-09 06:50:08', '', 0),
(51, 219, 6, 'cuota', 120000, '2022-11-09 07:00:36', '', 0),
(52, 80, 6, 'cuota', 100000, '2022-11-09 07:01:23', '', 1),
(53, 79, 6, 'cuota', 120000, '2022-11-09 07:10:59', '', 0),
(54, 78, 6, 'cuota', 50000, '2022-11-09 07:11:31', '', 1),
(55, 61, 6, 'cuota', 110000, '2022-11-09 07:12:19', '', 1),
(56, 60, 6, 'cuota', 110000, '2022-11-09 07:14:16', '', 1),
(57, 118, 6, 'cuota', 110000, '2022-11-09 07:14:46', '', 1),
(58, 62, 6, 'cuota', 120000, '2022-11-09 07:15:47', '', 0),
(59, 90, 6, 'cuota', 110000, '2022-11-09 07:16:22', '', 1),
(60, 91, 6, 'cuota', 110000, '2022-11-09 07:39:32', '', 1),
(61, 122, 6, 'cuota', 120000, '2022-11-09 07:40:05', '', 0),
(62, 52, 6, 'cuota', 110000, '2022-11-09 07:41:52', '', 1),
(63, 56, 6, 'cuota', 110000, '2022-11-09 07:54:58', '', 1),
(64, 56, 6, 'cuota', 10000, '2022-11-09 07:55:48', '', 0),
(65, 71, 6, 'cuota', 110000, '2022-11-09 07:57:04', '', 1),
(66, 57, 6, 'semestral', 620000, '2022-11-09 08:14:33', '', 0),
(67, 57, 6, 'semestral', 600000, '2022-11-09 08:27:16', '', 1),
(68, 57, 6, 'cuota', 20000, '2022-11-09 08:27:50', '', 1),
(69, 122, 6, 'cuota', 110000, '2022-11-09 09:48:13', '', 1),
(70, 29, 6, 'cuota', 390000, '2022-11-09 10:09:45', '', 1),
(71, 219, 6, 'cuota', 110000, '2022-11-09 10:12:30', '', 1),
(72, 79, 6, 'cuota', 110000, '2022-11-09 10:15:06', '', 1),
(73, 62, 6, 'cuota', 110000, '2022-11-09 10:18:08', '', 1),
(74, 70, 6, 'cuota', 60000, '2022-11-09 10:31:06', '', 1),
(75, 98, 6, 'cuota', 50000, '2022-11-09 10:31:59', '', 1),
(76, 94, 6, 'cuota', 110000, '2022-11-09 10:32:31', '', 1),
(77, 96, 6, 'cuota', 110000, '2022-11-09 10:33:26', '', 1),
(78, 95, 6, 'cuota', 110000, '2022-11-09 10:33:48', '', 1),
(79, 105, 6, 'cuota', 110000, '2022-11-09 10:36:19', '', 1),
(80, 30, 6, 'cuota', 110000, '2022-11-09 10:37:26', '', 1),
(81, 54, 6, 'cuota', 100000, '2022-11-09 10:38:46', '', 1),
(82, 104, 6, 'cuota', 110000, '2022-11-09 10:39:28', '', 1),
(83, 97, 6, 'cuota', 110000, '2022-11-09 10:40:57', '', 1),
(84, 27, 6, 'cuota', 110000, '2022-11-09 10:41:37', '', 1),
(85, 69, 6, 'cuota', 110000, '2022-11-09 10:43:23', '', 1),
(86, 41, 6, 'cuota', 110000, '2022-11-09 10:44:09', '', 1),
(87, 83, 6, 'cuota', 100000, '2022-11-09 10:47:25', '', 1),
(88, 89, 6, 'cuota', 80000, '2022-11-09 10:50:28', '', 1),
(89, 40, 6, 'cuota', 80000, '2022-11-09 10:51:18', '', 1),
(90, 77, 6, 'cuota', 70000, '2022-11-09 10:51:51', '', 1),
(91, 21, 6, 'cuota', 110000, '2022-11-09 10:52:31', '', 1),
(92, 39, 6, 'cuota', 60000, '2022-11-09 10:53:26', '', 1),
(93, 38, 6, 'cuota', 110000, '2022-11-09 10:53:59', '', 1),
(94, 88, 6, 'cuota', 110000, '2022-11-09 10:55:56', '', 1),
(95, 78, 6, 'cuota', 60000, '2022-11-09 10:57:22', '', 1),
(96, 37, 6, 'cuota', 110000, '2022-11-09 10:58:31', '', 1),
(97, 137, 6, 'cuota', 110000, '2022-11-09 10:59:39', '', 1),
(98, 87, 6, 'cuota', 110000, '2022-11-09 11:02:30', '', 1),
(99, 68, 6, 'cuota', 110000, '2022-11-09 11:03:55', '', 1),
(100, 44, 6, 'cuota', 110000, '2022-11-09 11:06:25', '', 1),
(101, 77, 6, 'cuota', 40000, '2022-11-09 11:07:22', '', 1),
(102, 63, 6, 'cuota', 110000, '2022-11-09 11:08:18', '', 1),
(103, 75, 6, 'cuota', 110000, '2022-11-09 11:08:58', '', 1),
(104, 51, 6, 'cuota', 210000, '2022-11-09 11:10:29', '', 0),
(105, 51, 6, 'cuota', 220000, '2022-11-09 11:14:02', '', 1),
(106, 84, 6, 'cuota', 110000, '2022-11-09 11:15:03', '', 1),
(107, 85, 6, 'cuota', 110000, '2022-11-09 11:16:04', '', 1),
(108, 36, 6, 'cuota', 110000, '2022-11-09 11:16:32', '', 1),
(109, 214, 6, 'cuota', 110000, '2022-11-09 11:17:09', '', 1),
(110, 46, 6, 'cuota', 200000, '2022-11-09 11:17:38', '', 1),
(111, 67, 6, 'cuota', 110000, '2022-11-09 11:18:36', '', 1),
(112, 82, 6, 'cuota', 110000, '2022-11-09 11:19:22', '', 1),
(113, 120, 6, 'cuota', 110000, '2022-11-09 11:20:14', '', 1),
(114, 50, 6, 'cuota', 110000, '2022-11-09 11:20:41', '', 1),
(116, 121, 6, 'cuota', 100000, '2022-11-09 16:38:17', '', 1),
(117, 34, 6, 'cuota', 110000, '2022-11-09 16:38:44', '', 1),
(118, 86, 6, 'cuota', 110000, '2022-11-09 16:39:09', '', 1),
(119, 100, 6, 'cuota', 110000, '2022-11-09 16:39:57', '', 1),
(120, 35, 6, 'cuota', 110000, '2022-11-09 16:40:37', '', 1),
(121, 106, 6, 'cuota', 110000, '2022-11-09 16:41:09', '', 1),
(122, 112, 6, 'cuota', 110000, '2022-11-09 16:41:26', '', 1),
(123, 66, 6, 'cuota', 110000, '2022-11-09 16:42:12', '', 1),
(124, 32, 6, 'cuota', 110000, '2022-11-09 16:43:24', '', 1),
(125, 33, 6, 'cuota', 110000, '2022-11-09 16:44:36', '', 1),
(126, 47, 6, 'cuota', 300000, '2022-11-09 16:46:33', '', 1),
(127, 89, 6, 'cuota', 20000, '2022-11-09 16:48:35', '', 1),
(128, 40, 6, 'cuota', 20000, '2022-11-09 16:49:34', '', 1),
(129, 111, 6, 'cuota', 110000, '2022-11-09 16:51:20', '', 1),
(130, 49, 6, 'cuota', 110000, '2022-11-10 06:02:30', '', 1),
(131, 20, 6, 'cuota', 110000, '2022-11-10 06:03:53', '', 1),
(132, 101, 6, 'cuota', 110000, '2022-11-10 06:04:19', '', 1),
(133, 90, 6, 'cuota', 110000, '2022-11-10 06:05:16', '', 1),
(134, 31, 6, 'cuota', 110000, '2022-11-10 06:06:08', '', 1),
(135, 31, 6, 'cuota', 110000, '2022-11-10 06:06:41', '', 1),
(136, 56, 6, 'cuota', 110000, '2022-11-10 06:07:15', '', 1),
(137, 119, 6, 'cuota', 110000, '2022-11-10 06:07:43', '', 1),
(138, 119, 6, 'cuota', 70000, '2022-11-10 06:08:35', '', 1),
(139, 25, 6, 'cuota', 110000, '2022-11-10 06:09:03', '', 1),
(140, 101, 6, 'cuota', 110000, '2022-11-10 06:09:26', '', 1),
(141, 74, 6, 'cuota', 170000, '2022-11-10 06:12:31', '', 1),
(142, 56, 6, 'cuota', 160000, '2022-11-10 06:23:31', '', 1),
(143, 69, 6, 'cuota', 110000, '2022-11-10 06:24:18', '', 1),
(144, 98, 6, 'cuota', 60000, '2022-11-10 06:25:23', '', 1),
(145, 73, 6, 'cuota', 110000, '2022-11-10 06:26:59', '', 1),
(146, 66, 6, 'cuota', 110000, '2022-11-10 06:28:18', '', 1),
(147, 48, 6, 'cuota', 180000, '2022-11-10 06:28:57', '', 0),
(148, 48, 6, 'cuota', 170000, '2022-11-10 06:29:45', '', 1),
(149, 55, 6, 'cuota', 110000, '2022-11-10 06:30:42', '', 1),
(150, 80, 6, 'cuota', 130000, '2022-11-10 06:31:22', '', 1),
(151, 122, 6, 'cuota', 110000, '2022-11-10 06:32:41', '', 1),
(152, 52, 6, 'cuota', 110000, '2022-11-10 06:34:01', '', 1),
(153, 39, 6, 'cuota', 50000, '2022-11-10 06:34:30', '', 1),
(154, 45, 6, 'cuota', 110000, '2022-11-10 06:35:07', '', 1),
(155, 105, 6, 'cuota', 110000, '2022-11-10 06:35:41', '', 1),
(156, 219, 6, 'cuota', 110000, '2022-11-10 06:37:04', '', 1),
(157, 121, 6, 'cuota', 110000, '2022-11-10 06:38:06', '', 0),
(158, 121, 6, 'cuota', 10000, '2022-11-10 06:38:50', '', 1),
(159, 81, 6, 'cuota', 50000, '2022-11-10 06:39:38', '', 1),
(160, 78, 6, 'cuota', 50000, '2022-11-10 06:40:10', '', 1),
(161, 68, 6, 'cuota', 300000, '2022-11-10 06:40:39', '', 1),
(162, 103, 6, 'cuota', 170000, '2022-11-10 06:41:18', '', 1),
(163, 76, 6, 'cuota', 60000, '2022-11-10 06:42:53', '', 1),
(164, 97, 6, 'cuota', 110000, '2022-11-10 06:43:13', '', 1),
(165, 51, 6, 'cuota', 110000, '2022-11-10 06:43:42', '', 1),
(166, 71, 6, 'cuota', 110000, '2022-11-10 06:44:07', '', 1),
(167, 70, 6, 'cuota', 50000, '2022-11-10 06:45:04', '', 1),
(168, 102, 6, 'cuota', 110000, '2022-11-10 06:45:35', '', 1),
(169, 102, 6, 'cuota', 110000, '2022-11-10 06:46:16', '', 1),
(170, 82, 6, 'cuota', 110000, '2022-11-10 06:47:38', '', 1),
(171, 108, 6, 'cuota', 110000, '2022-11-10 06:47:57', '', 1),
(172, 31, 6, 'cuota', 60000, '2022-11-10 06:48:37', '', 1),
(173, 31, 6, 'cuota', 40000, '2022-11-10 06:49:13', '', 1),
(174, 72, 6, 'cuota', 110000, '2022-11-10 06:49:47', '', 1),
(175, 76, 6, 'cuota', 50000, '2022-11-10 06:51:03', '', 1),
(176, 79, 6, 'cuota', 110000, '2022-11-10 06:51:21', '', 1),
(177, 37, 6, 'cuota', 110000, '2022-11-10 06:51:48', '', 1),
(178, 83, 6, 'cuota', 130000, '2022-11-10 06:53:03', '', 1),
(179, 31, 6, 'cuota', 60000, '2022-11-10 06:53:26', '', 1),
(180, 62, 6, 'cuota', 110000, '2022-11-10 06:54:08', '', 1),
(181, 123, 6, 'cuota', 170000, '2022-11-10 06:56:21', '', 1),
(182, 36, 6, 'cuota', 100000, '2022-11-10 06:57:21', '', 1),
(183, 30, 6, 'cuota', 110000, '2022-11-10 06:57:50', '', 1),
(184, 21, 6, 'cuota', 110000, '2022-11-10 06:58:10', '', 1),
(185, 84, 6, 'cuota', 110000, '2022-11-10 06:58:37', '', 1),
(186, 69, 6, 'cuota', 100000, '2022-11-10 06:59:48', '', 1),
(187, 69, 6, 'cuota', 100000, '2022-11-10 07:00:15', '', 1),
(188, 92, 6, 'cuota', 110000, '2022-11-10 07:01:37', '', 1),
(189, 98, 6, 'cuota', 110000, '2022-11-10 07:02:48', '', 1),
(190, 29, 6, 'cuota', 50000, '2022-11-10 07:03:20', '', 1),
(191, 39, 6, 'cuota', 110000, '2022-11-10 07:03:55', '', 1),
(192, 40, 6, 'cuota', 100000, '2022-11-10 07:04:38', '', 1),
(193, 28, 6, 'cuota', 220000, '2022-11-10 07:06:01', '', 1),
(194, 85, 6, 'cuota', 110000, '2022-11-10 07:37:26', '', 1),
(195, 38, 6, 'cuota', 110000, '2022-11-10 07:38:16', '', 1),
(196, 75, 6, 'cuota', 110000, '2022-11-10 07:39:33', '', 1),
(197, 99, 6, 'cuota', 110000, '2022-11-10 07:41:14', '', 1),
(198, 118, 6, 'cuota', 110000, '2022-11-10 07:41:36', '', 1),
(199, 44, 6, 'cuota', 16, '2022-11-10 07:42:27', '', 0),
(200, 44, 6, 'cuota', 160000, '2022-11-10 07:43:05', '', 0),
(201, 44, 6, 'cuota', 110000, '2022-11-10 07:44:03', '', 1),
(202, 86, 6, 'cuota', 110000, '2022-11-10 07:45:09', '', 1),
(203, 114, 6, 'cuota', 110000, '2022-11-10 07:47:27', '', 1),
(204, 60, 6, 'cuota', 100000, '2022-11-15 06:32:45', '', 1),
(205, 50, 6, 'cuota', 110000, '2022-11-15 06:33:33', '', 1),
(206, 89, 6, 'cuota', 100000, '2022-11-15 06:34:33', '', 1),
(207, 53, 6, 'cuota', 50000, '2022-11-15 06:35:08', '', 1),
(208, 138, 6, 'cuota', 54000, '2022-11-15 06:36:13', '', 1),
(209, 35, 6, 'cuota', 110000, '2022-11-15 06:37:17', '', 1),
(210, 111, 6, 'cuota', 60000, '2022-11-15 06:38:11', '', 1),
(211, 18, 6, 'cuota', 170000, '2022-11-15 06:39:25', '', 1),
(212, 112, 6, 'cuota', 110000, '2022-11-15 06:40:06', '', 1),
(213, 77, 6, 'cuota', 110000, '2022-11-15 06:40:35', '', 1),
(214, 91, 6, 'cuota', 110000, '2022-11-15 06:41:06', '', 1),
(215, 27, 6, 'cuota', 60000, '2022-11-15 06:48:57', '', 1),
(216, 104, 6, 'cuota', 60000, '2022-11-15 06:49:34', '', 1),
(217, 121, 6, 'cuota', 110000, '2022-11-15 06:50:04', '', 1),
(218, 113, 6, 'cuota', 510000, '2022-11-15 06:52:03', '', 1),
(219, 65, 6, 'cuota', 110000, '2022-11-15 06:52:59', '', 1),
(220, 78, 6, 'cuota', 60000, '2022-11-15 06:53:54', '', 1),
(221, 23, 6, 'cuota', 170000, '2022-11-15 06:56:05', '', 1),
(222, 120, 6, 'cuota', 100000, '2022-11-15 06:56:42', '', 1),
(223, 61, 6, 'cuota', 110000, '2022-11-15 06:57:11', '', 1),
(224, 109, 6, 'cuota', 110000, '2022-11-15 06:59:04', '', 1),
(225, 100, 6, 'cuota', 110000, '2022-11-15 07:00:04', '', 1),
(226, 20, 6, 'cuota', 60000, '2022-11-15 07:02:17', '', 1),
(227, 49, 6, 'cuota', 10000, '2022-11-15 07:03:28', '', 1),
(228, 53, 6, 'cuota', 10000, '2022-11-15 07:04:07', '', 1),
(229, 41, 6, 'cuota', 110000, '2022-11-15 07:05:07', '', 1),
(230, 70, 6, 'cuota', 60000, '2022-11-15 07:05:33', '', 1),
(231, 88, 6, 'cuota', 110000, '2022-11-15 07:06:07', '', 1),
(232, 67, 6, 'cuota', 100000, '2022-11-15 07:06:53', '', 1),
(233, 42, 6, 'cuota', 220000, '2022-11-15 07:08:08', '', 1),
(234, 46, 6, 'cuota', 200000, '2022-11-15 07:08:59', '', 1),
(235, 137, 6, 'cuota', 110000, '2022-11-15 07:10:04', '', 1),
(236, 119, 6, 'cuota', 60000, '2022-11-15 07:10:52', '', 1),
(237, 89, 6, 'cuota', 120000, '2022-11-15 07:11:40', '', 1),
(238, 114, 6, 'cuota', 60000, '2022-11-15 07:13:35', '', 1),
(239, 96, 6, 'cuota', 110000, '2022-11-15 07:14:37', '', 1),
(240, 99, 6, 'cuota', 50000, '2022-11-15 07:15:17', '', 1),
(241, 138, 6, 'cuota', 100000, '2022-11-15 07:17:53', '', 1),
(242, 54, 6, 'cuota', 90000, '2022-11-15 07:18:27', '', 1),
(243, 81, 6, 'cuota', 60000, '2022-11-15 07:18:52', '', 1),
(244, 65, 6, 'cuota', 60000, '2022-11-15 07:19:45', '', 1),
(245, 214, 6, 'cuota', 110000, '2022-11-15 07:20:16', '', 1),
(246, 93, 6, 'cuota', 170000, '2022-11-15 07:21:00', '', 1),
(247, 106, 6, 'cuota', 60000, '2022-11-15 07:22:23', '', 1),
(248, 58, 6, 'cuota', 160000, '2022-11-16 06:31:07', '', 1),
(249, 59, 6, 'cuota', 160000, '2022-11-16 06:31:33', '', 1),
(250, 34, 6, 'cuota', 50000, '2022-11-16 06:32:19', '', 1),
(251, 92, 6, 'cuota', 50000, '2022-11-16 06:34:02', '', 1),
(252, 110, 6, 'cuota', 170000, '2022-11-16 06:34:55', '', 1),
(253, 107, 6, 'cuota', 170000, '2022-11-16 06:35:33', '', 1),
(254, 91, 6, 'cuota', 110000, '2022-11-16 06:36:16', '', 1),
(255, 95, 6, 'cuota', 110000, '2022-11-16 06:38:45', '', 1),
(256, 77, 6, 'cuota', 110000, '2022-11-16 06:39:44', '', 1),
(257, 37, 6, 'cuota', 110000, '2022-11-16 06:40:20', '', 1),
(258, 140, 6, 'cuota', 170000, '2022-11-16 06:41:23', '', 1),
(259, 90, 6, 'cuota', 110000, '2022-11-16 06:41:50', '', 1),
(260, 18, 6, 'cuota', 110000, '2022-11-16 06:42:34', '', 1),
(261, 31, 6, 'cuota', 100000, '2022-11-16 06:43:04', '', 1),
(262, 79, 6, 'cuota', 110000, '2022-11-16 06:44:13', '', 1),
(263, 21, 6, 'cuota', 110000, '2022-11-16 06:45:26', '', 1),
(264, 39, 6, 'cuota', 110000, '2022-11-16 06:45:58', '', 1),
(265, 55, 6, 'cuota', 110000, '2022-11-16 06:46:40', '', 1),
(266, 93, 6, 'cuota', 110000, '2022-11-16 06:48:58', '', 1),
(267, 114, 6, 'cuota', 110000, '2022-11-16 06:49:27', '', 1),
(268, 27, 6, 'cuota', 100000, '2022-11-16 06:49:53', '', 1),
(269, 92, 6, 'cuota', 110000, '2022-11-16 06:50:14', '', 1),
(270, 112, 6, 'cuota', 110000, '2022-11-16 06:50:31', '', 1),
(271, 44, 6, 'cuota', 110000, '2022-11-16 06:51:05', '', 1),
(272, 111, 6, 'cuota', 110000, '2022-11-16 06:52:02', '', 1),
(273, 78, 6, 'cuota', 110000, '2022-11-16 06:52:21', '', 1),
(274, 119, 6, 'cuota', 110000, '2022-11-16 06:52:42', '', 1),
(275, 80, 6, 'cuota', 110000, '2022-11-16 06:52:59', '', 1),
(276, 174, 6, 'cuota', 170000, '2022-11-16 06:54:11', '', 1),
(277, 71, 6, 'cuota', 110000, '2022-11-16 06:55:37', '', 1),
(278, 117, 6, 'cuota', 170000, '2022-11-16 06:56:39', '', 1),
(279, 72, 6, 'cuota', 110000, '2022-11-16 06:58:38', '', 1),
(280, 51, 6, 'cuota', 60000, '2022-11-16 06:59:03', '', 1),
(281, 48, 6, 'cuota', 110000, '2022-11-16 06:59:31', '', 1),
(282, 139, 6, 'cuota', 160000, '2022-11-16 06:59:55', '', 1),
(283, 36, 6, 'cuota', 70000, '2022-11-16 07:01:26', '', 1),
(284, 98, 6, 'cuota', 110000, '2022-11-16 07:02:03', '', 1),
(285, 101, 6, 'cuota', 110000, '2022-11-16 07:02:28', '', 1),
(286, 30, 6, 'cuota', 110000, '2022-11-16 07:02:48', '', 1),
(287, 74, 6, 'cuota', 100000, '2022-11-16 07:03:02', '', 1),
(288, 99, 6, 'cuota', 130000, '2022-11-16 07:03:26', '', 1),
(289, 102, 6, 'cuota', 110000, '2022-11-16 07:04:19', '', 1),
(290, 28, 6, 'cuota', 110000, '2022-11-16 07:04:36', '', 1),
(291, 56, 6, 'cuota', 200000, '2022-11-16 07:05:10', '', 1),
(292, 116, 6, 'cuota', 110000, '2022-11-16 07:06:06', '', 1),
(293, 116, 6, 'cuota', 60000, '2022-11-16 07:06:36', '', 1),
(294, 46, 6, 'cuota', 40000, '2022-11-16 07:07:36', '', 1),
(295, 42, 6, 'cuota', 110000, '2022-11-16 07:08:03', '', 1),
(296, 103, 6, 'cuota', 110000, '2022-11-16 07:08:25', '', 1),
(297, 25, 6, 'cuota', 110000, '2022-11-16 07:09:25', '', 1),
(298, 52, 6, 'cuota', 110000, '2022-11-16 07:10:18', '', 1),
(299, 138, 6, 'cuota', 0, '2022-11-16 07:10:51', '', 0),
(300, 138, 6, 'cuota', 70000, '2022-11-16 07:11:24', '', 1),
(301, 86, 6, 'cuota', 110000, '2022-11-16 07:11:46', '', 1),
(302, 70, 6, 'cuota', 110000, '2022-11-16 07:12:07', '', 1),
(303, 118, 6, 'cuota', 110000, '2022-11-16 07:12:31', '', 1),
(304, 65, 6, 'cuota', 60000, '2022-11-16 07:15:29', '', 1),
(305, 97, 6, 'cuota', 110000, '2022-11-16 07:15:48', '', 1),
(306, 83, 6, 'cuota', 110000, '2022-11-16 07:16:08', '', 1),
(307, 61, 6, 'cuota', 110000, '2022-11-16 07:16:28', '', 1),
(308, 178, 6, 'cuota', 110000, '2022-11-16 07:17:08', '', 0),
(309, 38, 6, 'cuota', 110000, '2022-11-16 07:17:57', '', 1),
(310, 50, 6, 'cuota', 110000, '2022-11-16 07:18:18', '', 1),
(311, 108, 6, 'cuota', 110000, '2022-11-16 07:18:46', '', 1),
(312, 75, 6, 'cuota', 110000, '2022-11-16 07:19:07', '', 1),
(313, 35, 6, 'cuota', 60000, '2022-11-16 07:19:32', '', 1),
(314, 219, 6, 'cuota', 110000, '2022-11-16 07:20:23', '', 1),
(315, 84, 6, 'cuota', 110000, '2022-11-16 07:20:48', '', 1),
(316, 110, 6, 'cuota', 110000, '2022-11-16 07:21:03', '', 1),
(317, 43, 6, 'cuota', 110000, '2022-11-16 07:22:32', '', 1),
(318, 40, 6, 'cuota', 100000, '2022-11-16 07:23:00', '', 1),
(319, 60, 6, 'cuota', 110000, '2022-11-16 07:24:55', '', 1),
(320, 109, 6, 'cuota', 110000, '2022-11-16 07:25:23', '', 1),
(321, 31, 6, 'cuota', 100000, '2022-11-16 07:25:45', '', 1),
(322, 69, 6, 'cuota', 200000, '2022-11-16 07:26:23', '', 1),
(323, 62, 6, 'cuota', 110000, '2022-11-16 07:26:54', '', 1),
(324, 95, 6, 'cuota', 60000, '2022-11-16 07:27:20', '', 1),
(325, 123, 6, 'cuota', 0, '2022-11-16 07:28:09', '', 1),
(326, 121, 6, 'cuota', 110000, '2022-11-16 07:29:30', '', 1),
(327, 106, 6, 'cuota', 110000, '2022-11-16 07:29:54', '', 1),
(328, 66, 6, 'cuota', 110000, '2022-11-16 07:30:09', '', 1),
(329, 58, 6, 'cuota', 110000, '2022-11-16 07:30:26', '', 0),
(330, 58, 6, 'cuota', 100000, '2022-11-16 07:30:44', '', 1),
(331, 59, 6, 'cuota', 100000, '2022-11-16 07:31:20', '', 1),
(332, 85, 6, 'cuota', 50000, '2022-11-16 07:31:56', '', 1),
(333, 82, 6, 'cuota', 110000, '2022-11-16 07:32:17', '', 1),
(334, 20, 6, 'cuota', 110000, '2022-11-16 07:33:41', '', 1),
(335, 53, 6, 'cuota', 110000, '2022-11-16 07:35:38', '', 1),
(336, 16, 6, 'cuota', 280000, '2022-11-16 07:36:50', '', 1),
(337, 63, 6, 'cuota', 220000, '2022-11-16 07:38:35', '', 1),
(338, 85, 6, 'cuota', 60000, '2022-11-16 07:39:47', '', 1),
(339, 104, 6, 'cuota', 110000, '2022-11-16 07:40:42', '', 1),
(340, 120, 6, 'cuota', 100000, '2022-11-16 07:41:15', '', 1),
(341, 36, 6, 'cuota', 160000, '2022-11-16 07:41:49', '', 1),
(342, 54, 6, 'cuota', 30000, '2022-11-16 15:07:58', '', 1),
(343, 58, 6, 'cuota', 100000, '2022-11-16 15:08:45', '', 1),
(344, 96, 6, 'cuota', 110000, '2022-11-16 15:09:15', '', 1),
(345, 49, 6, 'cuota', 110000, '2022-11-16 15:10:10', '', 1),
(346, 67, 6, 'cuota', 50000, '2022-11-16 15:10:34', '', 1),
(347, 110, 6, 'cuota', 110000, '2022-11-16 15:11:56', '', 1),
(348, 122, 6, 'cuota', 110000, '2022-11-16 15:13:12', '', 1),
(349, 37, 6, 'cuota', 110000, '2022-11-16 15:14:13', '', 0),
(350, 138, 6, 'cuota', 40000, '2022-11-16 15:16:52', '', 1),
(351, 119, 6, 'cuota', 110000, '2022-11-16 15:21:06', '', 1),
(352, 99, 6, 'cuota', 110000, '2022-11-16 15:22:57', '', 1),
(353, 21, 6, 'cuota', 110000, '2022-11-16 15:31:52', '', 1),
(354, 103, 6, 'cuota', 110000, '2022-11-16 15:32:36', '', 1),
(355, 52, 6, 'cuota', 110000, '2022-11-16 15:34:24', '', 1),
(356, 137, 6, 'cuota', 50000, '2022-11-16 15:35:20', '', 1),
(357, 28, 6, 'cuota', 110000, '2022-11-16 15:35:46', '', 1),
(358, 42, 6, 'cuota', 110000, '2022-11-16 15:36:35', '', 1),
(359, 116, 6, 'cuota', 0, '2022-11-16 15:36:52', '', 0),
(360, 116, 6, 'cuota', 110000, '2022-11-16 15:37:27', '', 1),
(361, 33, 6, 'cuota', 250000, '2022-11-16 15:38:04', '', 1),
(362, 18, 6, 'cuota', 110000, '2022-11-16 15:38:40', '', 1),
(363, 79, 6, 'cuota', 110000, '2022-11-16 15:39:05', '', 1),
(364, 69, 6, 'cuota', 200000, '2022-11-16 15:39:58', '', 1),
(365, 55, 6, 'cuota', 110000, '2022-11-16 15:41:18', '', 1),
(366, 59, 6, 'cuota', 100000, '2022-11-16 15:41:56', '', 1),
(367, 71, 6, 'cuota', 110000, '2022-11-16 15:42:32', '', 1),
(368, 70, 6, 'cuota', 110000, '2022-11-16 15:43:09', '', 1),
(369, 51, 6, 'cuota', 110000, '2022-11-16 15:43:31', '', 1),
(370, 45, 6, 'cuota', 110000, '2022-11-16 15:45:16', '', 1),
(371, 174, 6, 'cuota', 110000, '2022-11-16 15:45:40', '', 1),
(372, 137, 6, 'cuota', 60000, '2022-11-16 15:46:40', '', 1),
(373, 214, 6, 'cuota', 110000, '2022-11-16 15:48:36', '', 1),
(374, 90, 6, 'cuota', 110000, '2022-11-16 15:48:54', '', 1),
(375, 39, 6, 'cuota', 110000, '2022-11-16 15:49:35', '', 1),
(376, 139, 6, 'cuota', 100000, '2022-11-16 15:49:55', '', 1),
(377, 114, 6, 'cuota', 110000, '2022-11-16 15:50:42', '', 1),
(378, 27, 6, 'cuota', 50000, '2022-11-16 15:51:12', '', 1),
(379, 92, 6, 'cuota', 50000, '2022-11-16 15:52:07', '', 1),
(380, 121, 6, 'cuota', 110000, '2022-11-16 15:52:39', '', 1),
(381, 91, 6, 'cuota', 110000, '2022-11-16 15:53:06', '', 1),
(382, 44, 6, 'cuota', 110000, '2022-11-16 15:53:23', '', 1),
(383, 78, 6, 'cuota', 110000, '2022-11-16 15:53:53', '', 1),
(384, 31, 6, 'cuota', 100000, '2022-11-16 15:54:14', '', 1),
(385, 31, 6, 'cuota', 100000, '2022-11-16 15:54:52', '', 1),
(386, 50, 6, 'cuota', 110000, '2022-11-16 15:55:31', '', 1),
(387, 30, 6, 'cuota', 110000, '2022-11-16 15:55:48', '', 1),
(388, 137, 6, 'cuota', 110000, '2022-11-16 15:56:13', '', 1),
(389, 74, 6, 'cuota', 100000, '2022-11-16 15:56:28', '', 1),
(390, 98, 6, 'cuota', 110000, '2022-11-16 15:57:00', '', 1),
(391, 72, 6, 'cuota', 110000, '2022-11-16 15:57:17', '', 1),
(392, 48, 6, 'cuota', 110000, '2022-11-16 15:57:36', '', 1),
(393, 139, 6, 'cuota', 70000, '2022-11-16 15:57:55', '', 1),
(394, 86, 6, 'cuota', 110000, '2022-11-16 15:58:15', '', 1),
(395, 75, 6, 'cuota', 110000, '2022-11-16 15:58:37', '', 1),
(396, 89, 6, 'cuota', 10000, '2022-11-16 15:59:13', '', 1),
(397, 66, 6, 'cuota', 110000, '2022-11-16 15:59:33', '', 1),
(398, 80, 6, 'cuota', 110000, '2022-11-16 15:59:50', '', 1),
(399, 56, 6, 'cuota', 200000, '2022-11-16 16:00:18', '', 1),
(400, 60, 6, 'cuota', 110000, '2022-11-16 16:00:42', '', 1),
(401, 85, 6, 'cuota', 50000, '2022-11-16 16:01:09', '', 1),
(402, 107, 6, 'cuota', 50000, '2022-11-16 16:01:36', '', 1),
(403, 102, 6, 'cuota', 110000, '2022-11-16 16:01:55', '', 1),
(404, 140, 6, 'cuota', 150000, '2022-11-16 16:02:24', '', 1),
(405, 20, 6, 'cuota', 110000, '2022-11-16 16:02:58', '', 1),
(406, 40, 6, 'cuota', 100000, '2022-11-16 16:03:19', '', 1),
(407, 77, 6, 'cuota', 110000, '2022-11-16 16:04:09', '', 1),
(408, 116, 6, 'cuota', 110000, '2022-11-16 16:04:27', '', 1),
(409, 117, 6, 'cuota', 110000, '2022-11-16 16:04:45', '', 1),
(410, 16, 6, 'cuota', 150000, '2022-11-16 16:05:25', '', 1),
(411, 67, 6, 'cuota', 50000, '2022-11-16 16:05:53', '', 1),
(412, 81, 6, 'cuota', 110000, '2022-11-16 16:06:16', '', 1),
(413, 123, 6, 'cuota', 110000, '2022-11-16 16:06:38', '', 1),
(414, 38, 6, 'cuota', 110000, '2022-11-16 16:07:01', '', 1),
(415, 97, 6, 'cuota', 110000, '2022-11-16 16:07:22', '', 1),
(416, 95, 6, 'cuota', 110000, '2022-11-16 16:14:01', '', 1),
(417, 96, 6, 'cuota', 110000, '2022-11-16 16:14:44', '', 1),
(418, 83, 6, 'cuota', 110000, '2022-11-16 16:15:01', '', 1),
(419, 23, 6, 'cuota', 110000, '2022-11-16 16:15:27', '', 1),
(420, 85, 6, 'cuota', 60000, '2022-11-16 16:15:47', '', 1),
(421, 37, 6, 'cuota', 110000, '2022-11-16 16:16:31', '', 1),
(422, 138, 6, 'cuota', 100000, '2022-11-16 16:16:52', '', 1),
(423, 93, 6, 'cuota', 340000, '2022-11-16 16:18:07', '', 0),
(424, 93, 6, 'cuota', 330000, '2022-11-16 16:19:00', '', 1),
(425, 63, 6, 'cuota', 110000, '2022-11-16 16:22:21', '', 1),
(426, 61, 6, 'cuota', 110000, '2022-11-16 16:22:34', '', 1),
(427, 100, 6, 'cuota', 110000, '2022-11-16 16:22:51', '', 0),
(428, 100, 6, 'cuota', 220000, '2022-11-16 16:24:21', '', 1),
(429, 58, 6, 'cuota', 100000, '2022-11-16 16:24:36', '', 1),
(430, 106, 6, 'cuota', 110000, '2022-11-16 16:24:52', '', 1),
(431, 120, 6, 'cuota', 100000, '2022-11-16 16:32:13', '', 1),
(432, 104, 6, 'cuota', 110000, '2022-11-16 16:32:38', '', 1),
(433, 84, 6, 'cuota', 110000, '2022-11-16 16:39:56', '', 1),
(434, 82, 6, 'cuota', 110000, '2022-11-16 16:41:41', '', 1),
(435, 45, 6, 'cuota', 110000, '2022-11-16 16:41:56', '', 1),
(436, 53, 6, 'cuota', 110000, '2022-11-16 16:42:55', '', 1),
(437, 118, 6, 'cuota', 110000, '2022-11-16 16:44:09', '', 1),
(438, 49, 6, 'cuota', 110000, '2022-11-16 16:44:35', '', 1),
(439, 124, 6, 'cuota', 110000, '2022-11-16 16:55:21', '', 1),
(440, 65, 6, 'cuota', 100000, '2022-11-16 17:01:12', '', 1),
(441, 25, 6, 'cuota', 50000, '2022-11-16 17:05:45', '', 1),
(442, 124, 6, 'cuota', 40000, '2022-11-16 17:06:22', '', 1),
(443, 25, 6, 'cuota', 40000, '2022-11-17 06:17:55', '', 1),
(444, 112, 6, 'cuota', 110000, '2022-11-17 06:21:13', '', 1),
(445, 122, 6, 'cuota', 110000, '2022-11-17 06:21:43', '', 1),
(446, 25, 6, 'cuota', 10000, '2022-11-17 06:25:42', '', 1),
(447, 25, 6, 'cuota', 10000, '2022-11-17 06:26:02', '', 1),
(448, 109, 6, 'cuota', 110000, '2022-11-17 06:27:24', '', 1),
(449, 107, 6, 'cuota', 120000, '2022-11-17 06:28:09', '', 1),
(450, 23, 6, 'cuota', 110000, '2022-11-17 06:29:03', '', 1),
(451, 35, 6, 'cuota', 40000, '2022-11-17 06:30:27', '', 1),
(452, 185, 6, 'cuota', 110000, '2022-11-17 06:32:10', '', 1),
(453, 140, 6, 'cuota', 140000, '2022-11-17 06:33:01', '', 1),
(454, 36, 6, 'cuota', 220000, '2022-11-17 06:34:08', '', 1),
(455, 102, 6, 'cuota', 110000, '2022-11-17 06:34:28', '', 1),
(456, 25, 6, 'cuota', 100000, '2022-11-17 06:34:52', '', 1),
(457, 43, 6, 'cuota', 110000, '2022-11-17 06:35:27', '', 1),
(458, 27, 6, 'cuota', 50000, '2022-11-17 06:52:29', '', 1),
(459, 92, 6, 'cuota', 50000, '2022-11-17 06:52:56', '', 1),
(460, 128, 6, 'cuota', 110000, '2022-11-17 06:54:09', '', 1),
(461, 125, 6, 'cuota', 300000, '2022-11-17 06:54:37', '', 0),
(462, 125, 6, 'cuota', 290000, '2022-11-17 06:55:11', '', 1),
(463, 52, 6, 'cuota', 110000, '2022-11-17 06:55:53', '', 1),
(464, 56, 6, 'cuota', 100000, '2022-11-17 06:56:11', '', 1),
(465, 56, 6, 'cuota', 100000, '2022-11-17 06:56:26', '', 1),
(466, 130, 6, 'cuota', 110000, '2022-11-17 06:56:43', '', 1),
(467, 126, 6, 'cuota', 110000, '2022-11-17 06:57:26', '', 1),
(468, 127, 6, 'cuota', 110000, '2022-11-17 06:58:08', '', 1),
(469, 83, 6, 'cuota', 110000, '2022-11-17 06:59:08', '', 1),
(470, 101, 6, 'cuota', 100000, '2022-11-17 06:59:29', '', 1),
(471, 25, 6, 'cuota', 10000, '2022-11-17 07:00:44', '', 1),
(472, 174, 6, 'cuota', 50000, '2022-11-17 07:02:37', '', 1),
(473, 55, 6, 'cuota', 110000, '2022-11-17 07:02:57', '', 1),
(474, 27, 6, 'cuota', 50000, '2022-11-17 07:03:41', '', 1),
(475, 92, 6, 'cuota', 50000, '2022-11-17 07:04:10', '', 1),
(476, 44, 6, 'cuota', 110000, '2022-11-17 07:04:32', '', 1),
(477, 53, 6, 'cuota', 110000, '2022-11-17 07:04:57', '', 1),
(478, 80, 6, 'cuota', 110000, '2022-11-17 07:05:31', '', 1),
(479, 78, 6, 'cuota', 50000, '2022-11-17 07:05:52', '', 1),
(480, 28, 6, 'cuota', 110000, '2022-11-17 07:06:17', '', 1),
(481, 119, 6, 'cuota', 110000, '2022-11-17 07:06:40', '', 1),
(482, 65, 6, 'cuota', 110000, '2022-11-17 07:06:57', '', 0),
(483, 65, 6, 'cuota', 50000, '2022-11-17 07:07:19', '', 1),
(484, 99, 6, 'cuota', 110000, '2022-11-17 07:07:46', '', 1),
(485, 218, 6, 'cuota', 180000, '2022-11-17 07:09:28', '', 1),
(486, 51, 6, 'cuota', 110000, '2022-11-17 07:10:24', '', 1),
(487, 84, 6, 'cuota', 80000, '2022-11-17 07:10:45', '', 1),
(488, 61, 6, 'cuota', 110000, '2022-11-17 07:11:07', '', 1),
(489, 21, 6, 'cuota', 110000, '2022-11-17 07:11:22', '', 1),
(490, 69, 6, 'cuota', 100000, '2022-11-17 07:11:42', '', 1),
(491, 69, 6, 'cuota', 100000, '2022-11-17 07:13:25', '', 1),
(492, 70, 6, 'cuota', 110000, '2022-11-17 07:15:43', '', 1),
(493, 50, 6, 'cuota', 110000, '2022-11-17 07:16:00', '', 1),
(494, 98, 6, 'cuota', 0, '2022-11-17 07:16:17', '', 1),
(495, 71, 6, 'cuota', 110000, '2022-11-17 07:16:34', '', 1),
(496, 86, 6, 'cuota', 110000, '2022-11-17 07:16:54', '', 1),
(497, 74, 6, 'cuota', 100000, '2022-11-17 07:17:17', '', 1),
(498, 110, 6, 'cuota', 90000, '2022-11-17 07:17:43', '', 1),
(499, 29, 6, 'cuota', 110000, '2022-11-17 07:18:04', '', 1),
(500, 30, 6, 'cuota', 110000, '2022-11-17 07:18:26', '', 1),
(501, 116, 6, 'cuota', 60000, '2022-11-17 07:18:43', '', 1),
(502, 139, 6, 'cuota', 110000, '2022-11-17 07:19:04', '', 1),
(503, 39, 6, 'cuota', 110000, '2022-11-17 07:19:23', '', 1),
(504, 118, 6, 'cuota', 20000, '2022-11-17 07:19:46', '', 1),
(505, 66, 6, 'cuota', 110000, '2022-11-17 07:20:21', '', 1),
(506, 31, 6, 'cuota', 100000, '2022-11-17 07:20:45', '', 1),
(507, 46, 6, 'cuota', 190000, '2022-11-17 07:21:10', '', 1),
(508, 63, 6, 'cuota', 100000, '2022-11-17 07:21:54', '', 1),
(509, 59, 6, 'cuota', 200000, '2022-11-17 07:22:19', '', 1),
(510, 214, 6, 'cuota', 110000, '2022-11-17 07:22:44', '', 1),
(511, 31, 6, 'cuota', 100000, '2022-11-17 07:23:01', '', 1),
(512, 42, 6, 'cuota', 110000, '2022-11-17 07:23:30', '', 1),
(513, 72, 6, 'cuota', 110000, '2022-11-17 07:24:09', '', 1),
(514, 20, 6, 'cuota', 110000, '2022-11-17 07:24:28', '', 1),
(515, 49, 6, 'cuota', 100000, '2022-11-17 07:24:53', '', 1),
(516, 40, 6, 'cuota', 100000, '2022-11-17 07:25:10', '', 1),
(517, 118, 6, 'cuota', 20000, '2022-11-17 07:25:30', '', 1),
(518, 96, 6, 'cuota', 100000, '2022-11-17 07:25:49', '', 1),
(519, 103, 6, 'cuota', 110000, '2022-11-17 07:26:33', '', 1),
(520, 97, 6, 'cuota', 100000, '2022-11-17 07:26:59', '', 1),
(521, 37, 6, 'cuota', 100000, '2022-11-17 07:27:29', '', 1),
(522, 116, 6, 'cuota', 50000, '2022-11-17 07:27:55', '', 1),
(523, 16, 6, 'cuota', 60000, '2022-11-17 07:28:29', '', 1),
(524, 38, 6, 'cuota', 110000, '2022-11-17 07:31:15', '', 1),
(525, 123, 6, 'cuota', 100000, '2022-11-17 07:32:43', '', 1),
(526, 95, 6, 'cuota', 60000, '2022-11-17 07:33:00', '', 1),
(527, 82, 6, 'cuota', 110000, '2022-11-17 07:33:19', '', 1),
(528, 23, 6, 'cuota', 110000, '2022-11-17 07:33:35', '', 1),
(529, 43, 6, 'cuota', 110000, '2022-11-17 07:33:53', '', 1),
(530, 92, 6, 'cuota', 50000, '2022-11-17 07:35:34', '', 1),
(531, 27, 6, 'cuota', 10000, '2022-11-17 07:35:54', '', 1),
(532, 114, 6, 'cuota', 110000, '2022-11-17 07:36:36', '', 1),
(533, 91, 6, 'cuota', 110000, '2022-11-17 07:37:57', '', 1),
(534, 121, 6, 'cuota', 110000, '2022-11-17 07:38:29', '', 1),
(535, 77, 6, 'cuota', 110000, '2022-11-17 07:39:03', '', 1),
(536, 123, 6, 'cuota', 10000, '2022-11-17 07:39:27', '', 1),
(537, 84, 6, 'cuota', 40000, '2022-11-17 07:40:06', '', 1),
(538, 131, 6, 'cuota', 110000, '2022-11-17 07:49:26', '', 1),
(539, 18, 6, 'cuota', 110000, '2022-11-17 07:49:59', '', 1),
(540, 132, 6, 'cuota', 110000, '2022-11-17 07:51:17', '', 1),
(541, 67, 6, 'cuota', 100000, '2022-11-17 07:51:35', '', 1),
(542, 133, 6, 'cuota', 110000, '2022-11-17 07:52:24', '', 1),
(543, 134, 6, 'cuota', 110000, '2022-11-17 07:57:11', '', 1),
(544, 135, 6, 'cuota', 110000, '2022-11-17 07:57:33', '', 1),
(545, 109, 6, 'cuota', 110000, '2022-11-17 07:57:52', '', 1),
(546, 60, 6, 'cuota', 110000, '2022-11-17 07:58:20', '', 1),
(547, 110, 6, 'cuota', 120000, '2022-11-17 07:58:51', '', 1),
(548, 78, 6, 'cuota', 60000, '2022-11-17 08:32:30', '', 1),
(549, 136, 6, 'cuota', 220000, '2022-11-17 08:32:53', '', 1),
(550, 120, 6, 'cuota', 100000, '2022-11-17 08:45:43', '', 1),
(551, 138, 6, 'cuota', 50000, '2022-11-17 08:46:09', '', 1),
(552, 27, 6, 'cuota', 30000, '2022-11-17 08:47:26', '', 1),
(553, 112, 6, 'cuota', 100000, '2022-11-17 08:48:30', '', 1),
(554, 37, 6, 'cuota', 10000, '2022-11-17 08:49:24', '', 1),
(555, 52, 6, 'cuota', 110000, '2022-11-17 08:50:51', '', 1),
(556, 148, 6, 'cuota', 100000, '2022-11-17 08:52:26', '', 1),
(557, 35, 6, 'cuota', 180000, '2022-11-17 08:53:14', '', 1),
(558, 174, 6, 'cuota', 170000, '2022-11-17 08:57:51', '', 1),
(559, 28, 6, 'cuota', 110000, '2022-11-17 08:58:32', '', 1),
(560, 119, 6, 'cuota', 110000, '2022-11-17 08:58:49', '', 1),
(561, 80, 6, 'cuota', 110000, '2022-11-17 08:59:05', '', 1),
(562, 78, 6, 'cuota', 50000, '2022-11-17 08:59:38', '', 1),
(563, 31, 6, 'cuota', 100000, '2022-11-17 09:00:01', '', 1),
(564, 66, 6, 'cuota', 70000, '2022-11-17 09:00:25', '', 1),
(565, 118, 6, 'cuota', 110000, '2022-11-17 09:00:43', '', 1),
(566, 188, 6, 'cuota', 117000, '2022-11-17 09:01:36', '', 1),
(567, 90, 6, 'cuota', 220000, '2022-11-17 09:01:56', '', 1),
(568, 71, 6, 'cuota', 110000, '2022-11-17 09:03:05', '', 1),
(569, 141, 6, 'semestral', 600000, '2022-11-17 09:03:41', '', 1),
(570, 25, 6, 'cuota', 50000, '2022-11-17 09:03:58', '', 1),
(571, 58, 6, 'cuota', 100000, '2022-11-17 09:31:40', '', 1),
(572, 69, 6, 'cuota', 200000, '2022-11-17 09:32:01', '', 1),
(573, 214, 6, 'cuota', 110000, '2022-11-17 09:32:24', '', 1),
(574, 95, 6, 'cuota', 100000, '2022-11-17 09:32:46', '', 1),
(575, 96, 6, 'cuota', 50000, '2022-11-17 09:33:04', '', 1),
(576, 50, 6, 'cuota', 110000, '2022-11-17 09:33:19', '', 1),
(577, 102, 6, 'cuota', 110000, '2022-11-17 09:33:49', '', 1),
(578, 51, 6, 'cuota', 110000, '2022-11-17 09:34:00', '', 1),
(579, 116, 6, 'cuota', 60000, '2022-11-17 09:34:15', '', 1),
(580, 30, 6, 'cuota', 110000, '2022-11-17 09:34:31', '', 1),
(581, 55, 6, 'cuota', 110000, '2022-11-17 09:34:45', '', 1),
(582, 70, 6, 'cuota', 110000, '2022-11-17 09:35:00', '', 1),
(583, 98, 6, 'cuota', 110000, '2022-11-17 09:35:14', '', 1),
(584, 86, 6, 'cuota', 110000, '2022-11-17 09:35:35', '', 1),
(585, 139, 6, 'cuota', 110000, '2022-11-17 09:35:49', '', 1),
(586, 39, 6, 'cuota', 110000, '2022-11-17 09:36:02', '', 1),
(587, 53, 6, 'cuota', 110000, '2022-11-17 09:36:15', '', 1),
(588, 45, 6, 'cuota', 190000, '2022-11-17 09:38:30', '', 1),
(589, 31, 6, 'cuota', 100000, '2022-11-17 09:39:28', '', 1),
(590, 25, 6, 'cuota', 50000, '2022-11-17 09:39:45', '', 1),
(591, 97, 6, 'cuota', 110000, '2022-11-17 09:40:00', '', 1),
(592, 21, 6, 'cuota', 110000, '2022-11-17 09:40:14', '', 1),
(593, 83, 6, 'cuota', 100000, '2022-11-17 09:40:27', '', 1),
(594, 23, 6, 'cuota', 100000, '2022-11-17 09:40:54', '', 1),
(595, 72, 6, 'cuota', 110000, '2022-11-17 09:41:15', '', 1),
(596, 35, 6, 'cuota', 45000, '2022-11-17 09:41:55', '', 1),
(597, 74, 6, 'cuota', 100000, '2022-11-17 09:42:16', '', 1),
(598, 116, 6, 'cuota', 110000, '2022-11-17 09:42:44', '', 0),
(599, 116, 6, 'cuota', 50000, '2022-11-17 09:43:00', '', 1),
(600, 29, 6, 'cuota', 110000, '2022-11-17 09:43:15', '', 1),
(601, 40, 6, 'cuota', 100000, '2022-11-17 09:43:27', '', 1),
(602, 81, 6, 'semestral', 200000, '2022-11-17 09:43:43', '', 1),
(603, 63, 6, 'cuota', 110000, '2022-11-17 09:43:57', '', 1),
(604, 56, 6, 'cuota', 100000, '2022-11-17 09:44:19', '', 1),
(605, 56, 6, 'cuota', 100000, '2022-11-17 09:44:31', '', 1),
(606, 61, 6, 'semestral', 110000, '2022-11-17 09:44:48', '', 1),
(607, 82, 6, 'cuota', 50000, '2022-11-17 09:45:05', '', 1),
(608, 85, 6, 'cuota', 220000, '2022-11-17 09:45:29', '', 1),
(609, 140, 6, 'cuota', 140000, '2022-11-17 09:46:31', '', 1),
(610, 84, 6, 'cuota', 100000, '2022-11-17 09:46:49', '', 1),
(611, 109, 6, 'cuota', 110000, '2022-11-17 09:47:19', '', 1),
(612, 52, 6, 'cuota', 110000, '2022-11-17 09:48:01', '', 1),
(613, 49, 6, 'cuota', 110000, '2022-11-17 09:48:33', '', 1),
(614, 20, 6, 'cuota', 110000, '2022-11-17 09:48:47', '', 1),
(615, 101, 6, 'cuota', 100000, '2022-11-17 09:49:02', '', 1),
(616, 142, 6, 'cuota', 110000, '2022-11-17 09:49:35', '', 1),
(617, 91, 6, 'cuota', 110000, '2022-11-17 09:50:14', '', 1),
(618, 114, 6, 'cuota', 110000, '2022-11-17 09:50:26', '', 1),
(619, 104, 6, 'cuota', 110000, '2022-11-17 09:50:53', '', 1),
(620, 92, 6, 'cuota', 50000, '2022-11-17 09:51:10', '', 1),
(621, 122, 6, 'cuota', 220000, '2022-11-17 09:51:32', '', 1),
(622, 27, 6, 'cuota', 60000, '2022-11-17 09:51:56', '', 1),
(623, 44, 6, 'cuota', 110000, '2022-11-17 09:52:12', '', 1),
(624, 77, 6, 'cuota', 110000, '2022-11-17 09:53:29', '', 1),
(625, 18, 6, 'cuota', 100000, '2022-11-17 09:53:47', '', 1),
(626, 143, 6, 'cuota', 110000, '2022-11-17 09:54:19', '', 1),
(627, 25, 6, 'cuota', 10000, '2022-11-17 09:54:56', '', 1),
(628, 110, 6, 'cuota', 10000, '2022-11-17 09:55:17', '', 1),
(629, 48, 6, 'cuota', 110000, '2022-11-17 09:55:37', '', 1),
(630, 117, 6, 'cuota', 200000, '2022-11-17 09:55:56', '', 1),
(631, 16, 6, 'cuota', 50000, '2022-11-17 09:56:16', '', 1),
(632, 65, 6, 'cuota', 120000, '2022-11-17 09:56:39', '', 1),
(633, 67, 6, 'cuota', 50000, '2022-11-17 09:57:04', '', 1),
(634, 120, 6, 'cuota', 50000, '2022-11-17 09:57:22', '', 1),
(635, 123, 6, 'cuota', 110000, '2022-11-17 09:57:55', '', 1),
(636, 144, 6, 'cuota', 110000, '2022-11-17 09:59:12', '', 1),
(637, 60, 6, 'cuota', 50000, '2022-11-17 09:59:51', '', 1),
(638, 96, 6, 'cuota', 50000, '2022-11-17 10:00:50', '', 1),
(639, 137, 6, 'cuota', 50000, '2022-11-17 10:01:21', '', 1),
(640, 47, 6, 'cuota', 500000, '2022-11-17 10:02:02', '', 1),
(641, 16, 6, 'cuota', 60000, '2022-11-17 10:02:39', '', 1),
(642, 43, 6, 'cuota', 420000, '2022-11-17 10:03:10', '', 1),
(643, 65, 6, 'cuota', 50000, '2022-11-17 10:03:36', '', 1),
(644, 75, 6, 'cuota', 0, '2022-11-17 10:03:57', '', 0),
(645, 75, 6, 'cuota', 110000, '2022-11-17 10:04:15', '', 1),
(646, 145, 6, 'cuota', 110000, '2022-11-17 10:04:33', '', 1),
(647, 146, 6, 'cuota', 110000, '2022-11-17 10:05:06', '', 1),
(648, 43, 6, 'cuota', 210000, '2022-11-17 10:06:01', '', 1),
(649, 117, 6, 'cuota', 130000, '2022-11-17 10:06:21', '', 1),
(650, 147, 6, 'cuota', 110000, '2022-11-17 10:06:41', '', 1),
(651, 148, 6, 'cuota', 20000, '2022-11-17 10:07:07', '', 1),
(652, 149, 6, 'cuota', 110000, '2022-11-17 10:07:56', '', 1),
(653, 150, 6, 'cuota', 110000, '2022-11-17 10:08:22', '', 1),
(654, 42, 6, 'cuota', 190000, '2022-11-17 10:08:56', '', 1),
(655, 81, 6, 'cuota', 130000, '2022-11-17 10:09:29', '', 1),
(656, 151, 6, 'cuota', 110000, '2022-11-17 10:10:14', '', 1),
(657, 152, 6, 'cuota', 110000, '2022-11-17 10:12:11', '', 1),
(658, 153, 6, 'cuota', 110000, '2022-11-17 10:12:36', '', 1),
(659, 154, 6, 'cuota', 110000, '2022-11-21 06:59:11', '', 1),
(660, 155, 6, 'cuota', 110000, '2022-11-21 06:59:36', '', 1),
(661, 131, 6, 'cuota', 500000, '2022-11-21 07:00:58', '', 1),
(663, 156, 6, 'cuota', 120000, '2022-11-21 07:03:07', '', 1),
(664, 157, 6, 'cuota', 110000, '2022-11-21 07:03:40', '', 1),
(665, 158, 6, 'cuota', 110000, '2022-11-21 07:13:44', '', 1),
(666, 67, 6, 'cuota', 50000, '2022-11-21 07:14:03', '', 1),
(667, 159, 6, 'cuota', 110000, '2022-11-21 07:17:31', '', 1),
(668, 160, 6, 'cuota', 110000, '2022-11-21 07:17:48', '', 1),
(669, 162, 6, 'cuota', 110000, '2022-11-21 07:18:21', '', 1),
(670, 163, 6, 'cuota', 110000, '2022-11-21 07:18:39', '', 1),
(671, 100, 6, 'cuota', 150000, '2022-11-21 07:19:30', '', 1),
(672, 118, 6, 'cuota', 10000, '2022-11-21 07:19:51', '', 1),
(673, 168, 6, 'cuota', 110000, '2022-11-21 07:20:10', '', 1),
(674, 120, 6, 'cuota', 50000, '2022-11-21 07:27:39', '', 1),
(675, 83, 6, 'cuota', 120000, '2022-11-21 07:28:09', '', 1),
(676, 169, 6, 'cuota', 110000, '2022-11-21 07:29:24', '', 1),
(677, 183, 6, 'cuota', 100000, '2022-11-21 07:29:51', '', 1),
(678, 171, 6, 'cuota', 110000, '2022-11-21 07:55:39', '', 1),
(679, 154, 6, 'cuota', 110000, '2022-11-21 07:56:20', '', 1),
(680, 118, 6, 'cuota', 400000, '2022-11-21 07:57:58', '', 1),
(681, 27, 6, 'cuota', 20, '2022-11-21 07:58:43', '', 0),
(682, 27, 6, 'cuota', 20000, '2022-11-21 07:59:07', '', 1),
(683, 172, 6, 'cuota', 110000, '2022-11-21 07:59:27', '', 1),
(684, 173, 6, 'cuota', 110000, '2022-11-21 07:59:53', '', 1),
(685, 59, 6, 'cuota', 100000, '2022-11-21 08:00:14', '', 1),
(686, 176, 6, 'cuota', 110000, '2022-11-21 08:00:39', '', 1),
(687, 36, 6, 'cuota', 110000, '2022-11-21 08:01:02', '', 1),
(688, 138, 6, 'cuota', 100000, '2022-11-21 08:01:23', '', 1),
(689, 93, 6, 'cuota', 280000, '2022-11-21 08:01:43', '', 1),
(690, 167, 6, 'cuota', 220000, '2022-11-21 08:02:11', '', 1),
(691, 177, 6, 'cuota', 110000, '2022-11-21 08:02:40', '', 1),
(692, 178, 6, 'cuota', 110000, '2022-11-21 08:03:24', '', 1),
(693, 180, 6, 'cuota', 220000, '2022-11-21 08:03:49', '', 1),
(694, 181, 6, 'cuota', 110000, '2022-11-21 08:04:17', '', 1),
(695, 52, 6, 'cuota', 110000, '2022-11-21 08:04:38', '', 1),
(696, 92, 6, 'cuota', 50000, '2022-11-21 08:06:46', '', 1),
(697, 84, 6, 'cuota', 125000, '2022-11-21 08:07:51', '', 1),
(698, 170, 6, 'cuota', 110000, '2022-11-21 08:08:14', '', 1),
(699, 78, 6, 'cuota', 60000, '2022-11-21 08:08:42', '', 1),
(700, 184, 6, 'cuota', 120000, '2022-11-21 08:09:11', '', 1),
(701, 186, 6, 'cuota', 110000, '2022-11-21 08:09:50', '', 1),
(702, 187, 6, 'cuota', 110000, '2022-11-21 08:10:35', '', 1),
(703, 56, 6, 'cuota', 100000, '2022-11-21 08:10:52', '', 1),
(704, 56, 6, 'cuota', 100000, '2022-11-21 08:11:05', '', 1),
(705, 189, 6, 'cuota', 110000, '2022-11-21 08:11:37', '', 1),
(706, 152, 6, 'cuota', 110000, '2022-11-21 08:12:50', '', 1),
(707, 158, 6, 'cuota', 110000, '2022-11-21 08:13:12', '', 1),
(708, 21, 6, 'cuota', 110000, '2022-11-21 08:15:10', '', 1),
(709, 82, 6, 'cuota', 100000, '2022-11-21 08:15:36', '', 1),
(710, 50, 6, 'cuota', 110000, '2022-11-21 08:16:03', '', 1),
(711, 175, 6, 'cuota', 110000, '2022-11-21 08:16:18', '', 1),
(712, 134, 6, 'cuota', 110000, '2022-11-21 08:16:38', '', 1),
(713, 66, 6, 'cuota', 150000, '2022-11-21 08:17:00', '', 1),
(714, 80, 6, 'cuota', 110000, '2022-11-21 08:17:24', '', 1),
(715, 143, 6, 'cuota', 110000, '2022-11-21 08:17:51', '', 1),
(716, 185, 6, 'cuota', 110000, '2022-11-21 08:19:11', '', 1),
(717, 84, 6, 'cuota', 95000, '2022-11-21 08:19:49', '', 1),
(718, 47, 6, 'cuota', 200000, '2022-11-21 08:20:41', '', 1),
(719, 155, 6, 'cuota', 110000, '2022-11-21 08:21:00', '', 1),
(720, 135, 6, 'cuota', 110000, '2022-11-21 08:21:14', '', 1),
(721, 16, 6, 'cuota', 110000, '2022-11-21 08:21:33', '', 1),
(722, 139, 6, 'cuota', 110000, '2022-11-21 08:22:26', '', 1),
(723, 31, 6, 'cuota', 100000, '2022-11-21 08:22:51', '', 1),
(724, 188, 6, 'cuota', 110000, '2022-11-21 08:23:14', '', 1),
(725, 163, 6, 'cuota', 110000, '2022-11-21 08:24:14', '', 1),
(726, 132, 6, 'cuota', 110000, '2022-11-21 08:24:29', '', 1),
(727, 150, 6, 'cuota', 110000, '2022-11-21 08:24:48', '', 1),
(728, 97, 6, 'cuota', 330000, '2022-11-21 08:25:08', '', 1),
(729, 157, 6, 'cuota', 110000, '2022-11-21 08:25:33', '', 1),
(730, 147, 6, 'cuota', 60000, '2022-11-21 08:25:53', '', 1),
(731, 90, 6, 'cuota', 110000, '2022-11-21 08:27:00', '', 1),
(732, 116, 6, 'cuota', 110000, '2022-11-21 08:27:22', '', 1),
(733, 190, 6, 'cuota', 110000, '2022-11-21 08:27:52', '', 1),
(734, 91, 6, 'cuota', 110000, '2022-11-21 08:28:08', '', 1),
(735, 44, 6, 'cuota', 110000, '2022-11-21 08:28:20', '', 1),
(736, 92, 6, 'cuota', 50000, '2022-11-21 08:28:41', '', 1),
(737, 123, 6, 'cuota', 60000, '2022-11-21 08:29:02', '', 1),
(738, 130, 6, 'cuota', 110000, '2022-11-21 08:29:21', '', 1),
(739, 189, 6, 'cuota', 110000, '2022-11-21 08:30:59', '', 1),
(740, 191, 6, 'cuota', 170000, '2022-11-21 08:31:22', '', 1),
(741, 126, 6, 'cuota', 110000, '2022-11-21 08:31:34', '', 1),
(742, 183, 6, 'cuota', 70000, '2022-11-21 08:31:55', '', 1),
(743, 151, 6, 'cuota', 110000, '2022-11-21 08:32:14', '', 1),
(744, 28, 6, 'cuota', 110000, '2022-11-21 08:33:30', '', 1),
(745, 81, 6, 'cuota', 60000, '2022-11-21 08:33:49', '', 1),
(746, 65, 6, 'cuota', 50000, '2022-11-21 08:34:12', '', 1),
(747, 119, 6, 'cuota', 110000, '2022-11-21 08:34:30', '', 1),
(748, 160, 6, 'cuota', 110000, '2022-11-21 08:34:43', '', 1),
(749, 57, 6, 'cuota', 550000, '2022-11-21 08:35:02', '', 1),
(750, 192, 6, 'cuota', 170000, '2022-11-21 08:35:34', '', 1),
(751, 193, 6, 'cuota', 170000, '2022-11-21 08:36:03', '', 1),
(752, 31, 6, 'cuota', 100000, '2022-11-21 08:36:37', '', 1),
(753, 61, 6, 'cuota', 110000, '2022-11-21 08:36:54', '', 1),
(754, 142, 6, 'cuota', 110000, '2022-11-21 08:37:25', '', 1),
(755, 145, 6, 'cuota', 50000, '2022-11-21 08:38:47', '', 1),
(756, 60, 6, 'cuota', 110000, '2022-11-21 08:39:13', '', 1),
(757, 57, 6, 'cuota', 30000, '2022-11-21 08:39:35', '', 1),
(758, 37, 6, 'cuota', 100000, '2022-11-21 08:40:12', '', 1),
(759, 99, 6, 'cuota', 60000, '2022-11-21 08:40:51', '', 1),
(760, 55, 6, 'cuota', 110000, '2022-11-21 08:41:18', '', 1),
(761, 39, 6, 'cuota', 110000, '2022-11-21 08:41:40', '', 1),
(762, 137, 6, 'cuota', 60000, '2022-11-21 08:42:06', '', 1),
(763, 140, 6, 'cuota', 110000, '2022-11-21 08:42:30', '', 1),
(764, 101, 6, 'cuota', 110000, '2022-11-21 08:45:10', '', 1),
(765, 86, 6, 'cuota', 100000, '2022-11-21 08:45:34', '', 1),
(766, 20, 6, 'cuota', 110000, '2022-11-21 08:45:58', '', 1),
(767, 53, 6, 'cuota', 110000, '2022-11-21 08:46:18', '', 1),
(768, 49, 6, 'cuota', 110000, '2022-11-21 08:46:37', '', 1),
(769, 29, 6, 'cuota', 110000, '2022-11-21 08:46:53', '', 1),
(770, 117, 6, 'cuota', 50000, '2022-11-21 08:47:12', '', 1),
(771, 71, 6, 'cuota', 110000, '2022-11-21 08:47:32', '', 1),
(772, 196, 6, 'cuota', 110000, '2022-11-21 08:48:03', '', 1),
(773, 194, 6, 'cuota', 220000, '2022-11-21 08:48:49', '', 1),
(774, 172, 6, 'cuota', 50000, '2022-11-21 08:50:14', '', 1),
(775, 195, 6, 'cuota', 160000, '2022-11-21 08:51:06', '', 1),
(776, 18, 6, 'cuota', 110000, '2022-11-21 08:51:30', '', 1),
(777, 197, 6, 'cuota', 100000, '2022-11-21 08:51:47', '', 1),
(778, 72, 6, 'cuota', 110000, '2022-11-21 08:52:07', '', 1),
(779, 214, 6, 'cuota', 110000, '2022-11-21 08:52:24', '', 1),
(780, 197, 6, 'cuota', 70000, '2022-11-21 08:52:46', '', 1),
(781, 30, 6, 'cuota', 110000, '2022-11-21 08:53:07', '', 1),
(782, 74, 6, 'cuota', 100000, '2022-11-21 08:53:22', '', 1),
(783, 67, 6, 'cuota', 150000, '2022-11-21 08:53:42', '', 1),
(784, 63, 6, 'cuota', 110000, '2022-11-21 08:54:02', '', 1),
(785, 110, 6, 'cuota', 100000, '2022-11-21 08:54:25', '', 1),
(786, 145, 6, 'cuota', 60000, '2022-11-21 08:55:04', '', 1),
(787, 133, 6, 'cuota', 60000, '2022-11-21 08:56:25', '', 1),
(788, 85, 6, 'cuota', 50000, '2022-11-21 08:56:51', '', 1),
(789, 70, 6, 'cuota', 60000, '2022-11-21 08:57:10', '', 1),
(790, 127, 6, 'cuota', 110000, '2022-11-21 08:57:38', '', 1),
(791, 198, 6, 'cuota', 200000, '2022-11-21 08:57:55', '', 1),
(792, 40, 6, 'cuota', 100000, '2022-11-21 08:58:21', '', 1),
(793, 121, 6, 'cuota', 220000, '2022-11-21 08:58:38', '', 1),
(794, 120, 6, 'cuota', 100000, '2022-11-21 08:58:58', '', 1),
(795, 113, 6, 'cuota', 110000, '2022-11-21 08:59:49', '', 1),
(796, 170, 6, 'cuota', 110000, '2022-11-21 09:00:06', '', 1),
(797, 183, 6, 'cuota', 30000, '2022-11-21 09:00:31', '', 1),
(798, 169, 6, 'cuota', 100000, '2022-11-21 09:01:30', '', 1),
(799, 188, 6, 'cuota', 50000, '2022-11-21 09:01:45', '', 1),
(800, 47, 6, 'cuota', 30000, '2022-11-21 09:02:08', '', 1),
(801, 149, 6, 'cuota', 110000, '2022-11-21 09:02:38', '', 1),
(802, 56, 6, 'cuota', 100000, '2022-11-21 09:03:30', '', 1),
(803, 56, 6, 'cuota', 100000, '2022-11-21 09:04:00', '', 1),
(804, 25, 6, 'cuota', 107000, '2022-11-21 09:22:40', '', 1),
(805, 100, 6, 'cuota', 70000, '2022-11-21 09:24:22', '', 1),
(806, 199, 6, 'cuota', 60000, '2022-11-21 09:24:51', '', 1),
(807, 35, 6, 'cuota', 175000, '2022-11-21 09:25:39', '', 1),
(808, 199, 6, 'cuota', 110000, '2022-11-21 09:26:00', '', 1),
(809, 200, 6, 'cuota', 70000, '2022-11-21 09:27:13', '', 1),
(810, 201, 6, 'cuota', 110000, '2022-11-21 09:27:41', '', 1),
(811, 202, 6, 'cuota', 110000, '2022-11-21 09:28:03', '', 1),
(812, 203, 6, 'cuota', 170000, '2022-11-21 09:28:22', '', 1),
(813, 200, 6, 'cuota', 30000, '2022-11-21 09:28:42', '', 1),
(814, 204, 6, 'cuota', 110000, '2022-11-21 09:28:59', '', 1),
(815, 83, 6, 'cuota', 80000, '2022-11-21 09:29:17', '', 1),
(816, 205, 6, 'cuota', 170000, '2022-11-21 09:29:49', '', 1),
(817, 193, 6, 'cuota', 150000, '2022-11-21 09:30:04', '', 1),
(818, 96, 6, 'cuota', 50000, '2022-11-21 09:30:26', '', 1),
(819, 135, 6, 'cuota', 110000, '2022-11-21 09:31:16', '', 1),
(820, 23, 6, 'cuota', 110000, '2022-11-21 09:32:14', '', 1),
(821, 78, 6, 'cuota', 50000, '2022-11-21 09:32:28', '', 1),
(822, 27, 6, 'cuota', 10000, '2022-11-21 09:32:49', '', 1),
(823, 200, 6, 'cuota', 20000, '2022-11-21 09:33:20', '', 1),
(824, 135, 6, 'cuota', 20000, '2022-11-21 09:33:41', '', 1),
(825, 98, 6, 'cuota', 110000, '2022-11-21 09:34:08', '', 1),
(826, 206, 6, 'cuota', 110000, '2022-11-21 09:34:33', '', 1),
(827, 200, 6, 'cuota', 20000, '2022-11-21 09:34:57', '', 1),
(828, 36, 6, 'cuota', 80000, '2022-11-21 09:39:01', '', 1),
(829, 38, 6, 'cuota', 220000, '2022-11-21 09:39:18', '', 1),
(830, 207, 6, 'semestral', 610000, '2022-11-21 09:40:03', '', 1),
(831, 208, 6, 'cuota', 110000, '2022-11-21 09:40:24', '', 1),
(832, 155, 6, 'cuota', 100000, '2022-11-21 09:40:40', '', 1),
(833, 108, 6, 'cuota', 110000, '2022-11-21 09:40:58', '', 1),
(834, 200, 6, 'cuota', 11000, '2022-11-21 09:41:19', '', 1),
(835, 126, 6, 'cuota', 0, '2022-11-21 09:41:32', '', 0),
(836, 126, 6, 'cuota', 50000, '2022-11-21 09:41:51', '', 1),
(837, 27, 6, 'cuota', 50000, '2022-11-21 09:42:06', '', 0),
(838, 27, 6, 'cuota', 100000, '2022-11-21 09:42:37', '', 1),
(839, 209, 6, 'cuota', 110000, '2022-11-21 09:43:06', '', 1),
(840, 200, 6, 'cuota', 20000, '2022-11-21 09:43:26', '', 1),
(841, 25, 6, 'cuota', 50000, '2022-11-21 09:43:41', '', 1),
(842, 99, 6, 'cuota', 120000, '2022-11-21 09:43:59', '', 1),
(843, 85, 6, 'cuota', 70000, '2022-11-21 09:44:23', '', 1),
(844, 200, 6, 'cuota', 14000, '2022-11-21 09:44:46', '', 1),
(845, 52, 6, 'cuota', 110000, '2022-11-21 09:45:08', '', 1),
(846, 66, 6, 'cuota', 70000, '2022-11-21 10:11:58', '', 1),
(847, 184, 6, 'cuota', 130000, '2022-11-21 10:12:22', '', 1),
(848, 51, 6, 'cuota', 110000, '2022-11-21 10:12:37', '', 1),
(849, 116, 6, 'cuota', 110000, '2022-11-21 10:13:00', '', 1),
(850, 109, 6, 'cuota', 200000, '2022-11-21 10:13:27', '', 1),
(851, 172, 6, 'cuota', 110000, '2022-11-21 10:20:47', '', 1),
(852, 219, 6, 'cuota', 110000, '2022-11-21 10:21:16', '', 1),
(853, 66, 6, 'cuota', 20000, '2022-11-21 10:21:34', '', 1),
(854, 80, 6, 'cuota', 110000, '2022-11-21 10:21:53', '', 1),
(855, 210, 6, 'cuota', 170000, '2022-11-21 10:23:10', '', 1),
(856, 145, 6, 'cuota', 110000, '2022-11-21 10:23:30', '', 1),
(857, 152, 6, 'cuota', 100000, '2022-11-21 10:25:23', '', 1),
(858, 188, 6, 'cuota', 160000, '2022-11-21 10:26:09', '', 1),
(859, 158, 6, 'cuota', 110000, '2022-11-21 10:27:17', '', 1),
(860, 135, 6, 'cuota', 60000, '2022-11-21 10:28:02', '', 1),
(861, 148, 6, 'cuota', 110000, '2022-11-21 10:28:24', '', 1),
(862, 77, 6, 'cuota', 100000, '2022-11-21 10:28:57', '', 1),
(863, 185, 6, 'cuota', 110000, '2022-11-21 10:29:33', '', 1),
(864, 126, 6, 'cuota', 60000, '2022-11-21 10:31:00', '', 1),
(865, 183, 6, 'cuota', 110000, '2022-11-21 10:35:59', '', 1),
(866, 203, 6, 'cuota', 110000, '2022-11-21 10:47:57', '', 1),
(867, 78, 6, 'cuota', 100000, '2022-11-21 10:48:10', '', 1),
(868, 189, 6, 'cuota', 100000, '2022-11-21 10:48:33', '', 0),
(869, 189, 6, 'cuota', 110000, '2022-11-21 10:48:54', '', 1),
(870, 150, 6, 'cuota', 110000, '2022-11-21 10:49:16', '', 1),
(871, 134, 6, 'cuota', 110000, '2022-11-21 10:49:28', '', 1),
(872, 25, 6, 'cuota', 53000, '2022-11-21 10:49:43', '', 1),
(873, 63, 6, 'cuota', 110000, '2022-11-21 10:49:58', '', 1),
(874, 147, 6, 'cuota', 110000, '2022-11-21 10:50:24', '', 1),
(875, 132, 6, 'cuota', 110000, '2022-11-21 10:51:39', '', 1),
(876, 163, 6, 'cuota', 110000, '2022-11-21 10:52:00', '', 1),
(877, 142, 6, 'cuota', 110000, '2022-11-21 10:52:20', '', 1),
(878, 194, 6, 'cuota', 110000, '2022-11-21 10:52:37', '', 1),
(879, 101, 6, 'cuota', 110000, '2022-11-21 10:52:54', '', 1);
INSERT INTO `pago` (`idpago`, `idmatricula`, `idusuario`, `tipo_pago`, `pago`, `fecha_registro`, `observacion`, `estado`) VALUES
(880, 29, 6, 'cuota', 110000, '2022-11-21 10:53:13', '', 1),
(881, 117, 6, 'cuota', 110000, '2022-11-21 10:53:30', '', 1),
(882, 90, 6, 'cuota', 100000, '2022-11-21 10:53:57', '', 1),
(883, 200, 6, 'cuota', 0, '2022-11-21 10:54:11', '', 0),
(884, 200, 6, 'cuota', 50000, '2022-11-21 10:54:33', '', 1),
(885, 74, 6, 'cuota', 100000, '2022-11-21 10:54:49', '', 1),
(886, 71, 6, 'cuota', 110000, '2022-11-21 10:55:04', '', 1),
(887, 98, 6, 'cuota', 110000, '2022-11-21 10:55:16', '', 1),
(888, 204, 6, 'cuota', 50000, '2022-11-21 10:55:34', '', 1),
(889, 92, 6, 'cuota', 100000, '2022-11-21 10:55:51', '', 1),
(890, 27, 6, 'cuota', 50000, '2022-11-21 10:56:03', '', 1),
(891, 119, 6, 'cuota', 100000, '2022-11-21 10:56:21', '', 1),
(892, 31, 6, 'cuota', 100000, '2022-11-21 10:56:37', '', 1),
(893, 181, 6, 'cuota', 110000, '2022-11-21 10:56:59', '', 1),
(894, 21, 6, 'cuota', 110000, '2022-11-21 10:57:14', '', 1),
(895, 154, 6, 'cuota', 110000, '2022-11-21 10:57:40', '', 1),
(896, 31, 6, 'cuota', 100000, '2022-11-21 11:00:56', '', 1),
(897, 35, 6, 'cuota', 80000, '2022-11-21 11:01:17', '', 1),
(898, 90, 6, 'cuota', 10000, '2022-11-21 11:01:40', '', 1),
(899, 55, 6, 'cuota', 110000, '2022-11-21 11:01:54', '', 1),
(900, 139, 6, 'cuota', 110000, '2022-11-21 11:02:19', '', 1),
(901, 39, 6, 'cuota', 110000, '2022-11-21 11:02:33', '', 1),
(902, 140, 6, 'cuota', 110000, '2022-11-21 11:02:56', '', 1),
(903, 81, 6, 'cuota', 110000, '2022-11-21 11:05:21', '', 1),
(904, 93, 6, 'cuota', 30000, '2022-11-21 11:05:39', '', 1),
(905, 214, 6, 'cuota', 110000, '2022-11-21 11:06:19', '', 1),
(906, 125, 6, 'cuota', 150000, '2022-11-21 11:06:51', '', 1),
(907, 136, 6, 'cuota', 110000, '2022-11-21 11:07:04', '', 1),
(908, 200, 6, 'cuota', 70000, '2022-11-21 11:07:28', '', 1),
(909, 50, 6, 'cuota', 110000, '2022-11-21 11:07:45', '', 1),
(910, 177, 6, 'cuota', 0, '2022-11-21 11:08:06', '', 1),
(911, 205, 6, 'cuota', 110000, '2022-11-21 11:08:22', '', 1),
(912, 157, 6, 'cuota', 110000, '2022-11-21 11:08:37', '', 1),
(913, 16, 6, 'cuota', 110000, '2022-11-21 11:09:05', '', 1),
(914, 193, 6, 'cuota', 100000, '2022-11-21 11:09:25', '', 1),
(915, 100, 6, 'cuota', 110000, '2022-11-21 11:09:51', '', 1),
(916, 18, 6, 'cuota', 110000, '2022-11-21 11:10:15', '', 1),
(917, 127, 6, 'cuota', 110000, '2022-11-21 11:10:40', '', 1),
(918, 114, 6, 'cuota', 110000, '2022-11-21 11:10:54', '', 1),
(919, 149, 6, 'cuota', 110000, '2022-11-21 11:11:28', '', 1),
(920, 130, 6, 'cuota', 110000, '2022-11-21 11:11:49', '', 1),
(921, 195, 6, 'cuota', 110000, '2022-11-21 11:12:18', '', 1),
(922, 191, 6, 'cuota', 110000, '2022-11-21 11:12:37', '', 1),
(923, 151, 6, 'cuota', 110000, '2022-11-21 11:12:54', '', 1),
(924, 108, 6, 'cuota', 110000, '2022-11-21 11:13:07', '', 1),
(925, 99, 6, 'cuota', 110000, '2022-11-21 11:13:22', '', 0),
(926, 95, 6, 'cuota', 10000, '2022-11-21 11:13:40', '', 0),
(927, 99, 6, 'cuota', 150000, '2022-11-21 11:14:40', '', 1),
(928, 95, 6, 'cuota', 100000, '2022-11-21 11:14:56', '', 1),
(929, 96, 6, 'cuota', 100000, '2022-11-21 11:15:13', '', 1),
(930, 160, 6, 'cuota', 110000, '2022-11-21 11:15:29', '', 1),
(931, 20, 6, 'cuota', 110000, '2022-11-21 11:16:00', '', 1),
(932, 67, 6, 'cuota', 150000, '2022-11-21 11:16:41', '', 1),
(933, 82, 6, 'cuota', 150000, '2022-11-21 11:17:12', '', 0),
(934, 82, 6, 'cuota', 170000, '2022-11-21 11:17:35', '', 1),
(935, 72, 6, 'cuota', 110000, '2022-11-21 11:19:37', '', 1),
(936, 30, 6, 'cuota', 110000, '2022-11-21 11:27:35', '', 1),
(937, 61, 6, 'cuota', 110000, '2022-11-21 11:27:57', '', 1),
(938, 120, 6, 'cuota', 100000, '2022-11-21 11:28:10', '', 1),
(939, 135, 6, 'cuota', 30000, '2022-11-21 11:28:26', '', 1),
(940, 44, 6, 'cuota', 110000, '2022-11-21 11:28:50', '', 1),
(941, 123, 6, 'cuota', 110000, '2022-11-21 11:29:52', '', 1),
(942, 53, 6, 'cuota', 110000, '2022-11-21 11:30:14', '', 1),
(943, 40, 6, 'cuota', 100000, '2022-11-21 11:30:52', '', 1),
(944, 212, 6, 'cuota', 220000, '2022-11-21 11:31:11', '', 1),
(945, 181, 6, 'cuota', 110000, '2022-11-21 11:31:29', '', 1),
(946, 104, 6, 'cuota', 330000, '2022-11-21 11:33:03', '', 1),
(947, 77, 6, 'cuota', 120000, '2022-11-21 11:33:29', '', 1),
(948, 154, 6, 'cuota', 50000, '2022-11-21 11:34:16', '', 1),
(949, 36, 6, 'cuota', 120000, '2022-11-21 11:35:02', '', 1),
(950, 126, 6, 'cuota', 50000, '2022-11-21 11:35:23', '', 1),
(951, 172, 6, 'cuota', 60000, '2022-11-21 11:35:43', '', 1),
(952, 204, 6, 'cuota', 150000, '2022-11-21 11:36:03', '', 1),
(953, 200, 6, 'cuota', 40000, '2022-11-21 11:36:19', '', 1),
(954, 69, 6, 'cuota', 300000, '2022-11-21 11:36:35', '', 1),
(955, 49, 6, 'cuota', 105000, '2022-11-21 11:36:55', '', 1),
(956, 193, 6, 'cuota', 200000, '2022-11-21 11:37:11', '', 1),
(957, 84, 6, 'cuota', 60000, '2022-11-21 11:38:28', '', 1),
(958, 148, 6, 'cuota', 110000, '2022-11-21 11:38:50', '', 1),
(959, 126, 6, 'cuota', 50000, '2022-11-21 11:39:08', '', 1),
(960, 84, 6, 'cuota', 50000, '2022-11-21 11:40:17', '', 1),
(961, 145, 6, 'cuota', 110000, '2022-11-21 11:41:00', '', 1),
(962, 59, 6, 'cuota', 100000, '2022-11-21 11:41:24', '', 1),
(963, 132, 6, 'cuota', 110000, '2022-11-21 11:41:39', '', 1),
(964, 200, 6, 'cuota', 60000, '2022-11-21 11:42:56', '', 1),
(965, 93, 6, 'semestral', 220000, '2022-11-21 11:43:26', '', 0),
(966, 93, 6, 'cuota', 220000, '2022-11-21 11:44:02', '', 1),
(967, 90, 6, 'cuota', 110000, '2022-11-21 11:44:18', '', 1),
(968, 78, 6, 'cuota', 70000, '2022-11-21 11:44:43', '', 1),
(969, 66, 6, 'cuota', 20000, '2022-11-21 11:45:02', '', 1),
(970, 66, 6, 'cuota', 110000, '2022-11-21 11:45:19', '', 1),
(971, 65, 6, 'cuota', 60000, '2022-11-21 11:45:37', '', 1),
(972, 185, 6, 'cuota', 110000, '2022-11-21 11:46:49', '', 1),
(973, 189, 6, 'cuota', 110000, '2022-11-21 11:47:09', '', 1),
(974, 99, 6, 'cuota', 100000, '2022-11-21 11:47:33', '', 1),
(975, 51, 6, 'cuota', 200000, '2022-11-21 11:47:47', '', 1),
(976, 81, 6, 'cuota', 100000, '2022-11-21 11:48:34', '', 1),
(977, 154, 6, 'cuota', 60000, '2022-11-21 11:49:08', '', 1),
(978, 147, 6, 'cuota', 110000, '2022-11-21 11:49:25', '', 1),
(979, 177, 6, 'cuota', 101000, '2022-11-21 11:49:56', '', 1),
(980, 21, 6, 'cuota', 110000, '2022-11-21 11:50:13', '', 1),
(981, 176, 6, 'cuota', 110000, '2022-11-21 11:50:28', '', 1),
(982, 78, 6, 'cuota', 30000, '2022-11-21 11:50:46', '', 1),
(983, 80, 6, 'cuota', 110000, '2022-11-21 11:51:00', '', 1),
(984, 31, 6, 'cuota', 100000, '2022-11-21 11:51:21', '', 1),
(985, 25, 6, 'cuota', 60000, '2022-11-21 11:51:52', '', 1),
(986, 83, 6, 'cuota', 80000, '2022-11-21 11:52:16', '', 1),
(987, 52, 6, 'cuota', 110000, '2022-11-21 11:52:32', '', 1),
(988, 139, 6, 'cuota', 110000, '2022-11-21 11:52:50', '', 1),
(989, 72, 6, 'cuota', 98000, '2022-11-21 11:53:19', '', 1),
(990, 98, 6, 'cuota', 100000, '2022-11-21 11:53:37', '', 1),
(991, 116, 6, 'cuota', 110000, '2022-11-21 11:54:15', '', 1),
(992, 56, 6, 'cuota', 100000, '2022-11-21 11:54:31', '', 1),
(993, 56, 6, 'cuota', 100000, '2022-11-21 11:54:44', '', 1),
(994, 134, 6, 'cuota', 110000, '2022-11-21 11:54:59', '', 1),
(995, 125, 6, 'cuota', 200000, '2022-11-21 11:55:30', '', 1),
(996, 205, 6, 'cuota', 0, '2022-11-21 11:55:49', '', 0),
(997, 205, 6, 'cuota', 110000, '2022-11-21 11:56:36', '', 1),
(998, 31, 6, 'cuota', 100000, '2022-11-21 11:56:58', '', 1),
(999, 150, 6, 'cuota', 50000, '2022-11-21 11:57:19', '', 1),
(1000, 50, 6, 'cuota', 110000, '2022-11-21 11:57:35', '', 1),
(1001, 74, 6, 'cuota', 100000, '2022-11-21 11:57:49', '', 1),
(1002, 121, 6, 'cuota', 220000, '2022-11-21 11:58:23', '', 1),
(1003, 91, 6, 'cuota', 110000, '2022-11-21 15:33:10', '', 1),
(1004, 206, 6, 'cuota', 110000, '2022-11-21 15:33:44', '', 1),
(1005, 44, 6, 'cuota', 110000, '2022-11-21 15:34:03', '', 1),
(1006, 130, 6, 'cuota', 110000, '2022-11-21 15:34:24', '', 1),
(1007, 184, 6, 'cuota', 100000, '2022-11-21 15:34:50', '', 1),
(1008, 108, 6, 'cuota', 110000, '2022-11-21 15:36:41', '', 1),
(1009, 169, 6, 'cuota', 220000, '2022-11-21 15:37:07', '', 1),
(1010, 212, 6, 'cuota', 147000, '2022-11-21 15:37:39', '', 1),
(1011, 119, 6, 'cuota', 110000, '2022-11-21 15:38:20', '', 1),
(1012, 142, 6, 'cuota', 110000, '2022-11-21 15:38:43', '', 1),
(1013, 163, 6, 'cuota', 110000, '2022-11-21 15:39:23', '', 1),
(1014, 96, 6, 'cuota', 90000, '2022-11-21 15:40:36', '', 1),
(1015, 60, 6, 'cuota', 50000, '2022-11-21 15:41:27', '', 1),
(1016, 214, 6, 'cuota', 110000, '2022-11-21 15:42:07', '', 1),
(1017, 51, 6, 'cuota', 20000, '2022-11-21 15:42:31', '', 1),
(1018, 100, 6, 'cuota', 110000, '2022-11-21 15:42:48', '', 1),
(1019, 101, 6, 'cuota', 110000, '2022-11-21 15:43:13', '', 1),
(1020, 39, 6, 'cuota', 110000, '2022-11-21 15:43:29', '', 1),
(1021, 29, 6, 'cuota', 100000, '2022-11-21 15:44:00', '', 1),
(1022, 71, 6, 'cuota', 110000, '2022-11-21 15:45:08', '', 1),
(1023, 140, 6, 'cuota', 50000, '2022-11-21 15:45:38', '', 1),
(1024, 65, 6, 'cuota', 110000, '2022-11-21 15:46:15', '', 1),
(1025, 136, 6, 'cuota', 60000, '2022-11-21 15:46:52', '', 1),
(1026, 157, 6, 'cuota', 110000, '2022-11-21 15:48:02', '', 1),
(1027, 85, 6, 'cuota', 60000, '2022-11-21 15:48:33', '', 1),
(1028, 16, 6, 'cuota', 110000, '2022-11-21 15:48:54', '', 1),
(1029, 18, 6, 'cuota', 110000, '2022-11-21 15:49:19', '', 1),
(1030, 213, 6, 'cuota', 110000, '2022-11-21 15:50:22', '', 1),
(1031, 25, 6, 'cuota', 20000, '2022-11-21 15:50:55', '', 1),
(1032, 95, 6, 'cuota', 190000, '2022-11-21 15:51:25', '', 1),
(1033, 150, 6, 'cuota', 60000, '2022-11-21 15:51:56', '', 1),
(1034, 75, 6, 'cuota', 330000, '2022-11-21 15:52:20', '', 1),
(1035, 117, 6, 'cuota', 110000, '2022-11-21 15:52:46', '', 1),
(1036, 82, 6, 'cuota', 60000, '2022-11-21 15:53:19', '', 1),
(1037, 63, 6, 'cuota', 110000, '2022-11-21 15:53:47', '', 1),
(1038, 61, 6, 'cuota', 50000, '2022-11-21 15:54:14', '', 1),
(1039, 30, 6, 'cuota', 110000, '2022-11-21 15:54:32', '', 1),
(1040, 120, 6, 'cuota', 100000, '2022-11-21 15:54:54', '', 1),
(1041, 160, 6, 'cuota', 110000, '2022-11-21 16:00:46', '', 1),
(1042, 158, 6, 'cuota', 110000, '2022-11-21 16:01:05', '', 1),
(1043, 135, 6, 'cuota', 110000, '2022-11-21 16:01:34', '', 1),
(1044, 155, 6, 'cuota', 120000, '2022-11-21 16:01:56', '', 1),
(1045, 127, 6, 'cuota', 50000, '2022-11-21 16:02:21', '', 1),
(1046, 191, 6, 'cuota', 110000, '2022-11-21 16:02:40', '', 1),
(1047, 65, 6, 'cuota', 40000, '2022-11-21 16:03:35', '', 1),
(1048, 92, 6, 'cuota', 100000, '2022-11-21 16:08:37', '', 1),
(1049, 183, 6, 'cuota', 70000, '2022-11-21 16:09:00', '', 1),
(1050, 96, 6, 'cuota', 50000, '2022-11-21 16:09:19', '', 1),
(1051, 210, 6, 'cuota', 60000, '2022-11-21 16:09:47', '', 1),
(1052, 61, 6, 'cuota', 60000, '2022-11-21 16:10:02', '', 1),
(1053, 85, 6, 'cuota', 50000, '2022-11-21 16:10:15', '', 1),
(1054, 40, 6, 'cuota', 100000, '2022-11-21 16:10:40', '', 1),
(1055, 25, 6, 'cuota', 40000, '2022-11-21 16:11:03', '', 1),
(1056, 171, 6, 'cuota', 100000, '2022-11-21 16:11:29', '', 1),
(1057, 208, 6, 'cuota', 137500, '2022-11-21 16:11:49', '', 1),
(1058, 193, 6, 'cuota', 270000, '2022-11-21 16:12:28', '', 1),
(1059, 82, 6, 'cuota', 50000, '2022-11-21 16:12:45', '', 1),
(1060, 199, 6, 'cuota', 200000, '2022-11-21 16:13:21', '', 1),
(1061, 127, 6, 'cuota', 60000, '2022-11-21 16:14:21', '', 1),
(1062, 123, 6, 'cuota', 110000, '2022-11-21 16:14:49', '', 1),
(1063, 198, 6, 'cuota', 110000, '2022-11-21 16:15:07', '', 0),
(1064, 198, 6, 'cuota', 100000, '2022-11-21 16:15:33', '', 1),
(1065, 195, 6, 'cuota', 110000, '2022-11-21 16:15:56', '', 1),
(1066, 77, 6, 'cuota', 110000, '2022-11-21 16:16:28', '', 1),
(1067, 210, 6, 'cuota', 50000, '2022-11-21 16:17:05', '', 1),
(1068, 96, 6, 'cuota', 30000, '2022-11-21 16:17:33', '', 1),
(1069, 55, 6, 'cuota', 110000, '2022-11-21 16:18:31', '', 1),
(1070, 20, 6, 'cuota', 105000, '2022-11-21 16:19:17', '', 1),
(1071, 200, 6, 'cuota', 50000, '2022-11-21 16:22:53', '', 1),
(1072, 36, 6, 'cuota', 240000, '2022-11-21 16:23:13', '', 1),
(1073, 99, 6, 'cuota', 120000, '2022-11-21 16:23:37', '', 1),
(1074, 219, 6, 'cuota', 110000, '2022-11-21 16:23:57', '', 1),
(1075, 37, 6, 'cuota', 100000, '2022-11-21 16:24:14', '', 1),
(1076, 53, 6, 'cuota', 110000, '2022-11-21 16:24:53', '', 1),
(1077, 23, 6, 'cuota', 110000, '2022-11-21 16:26:39', '', 1),
(1078, 183, 6, 'cuota', 40000, '2022-11-21 16:26:58', '', 1),
(1079, 65, 6, 'cuota', 50000, '2022-11-21 16:27:16', '', 1),
(1080, 52, 6, 'cuota', 110000, '2022-11-21 16:27:33', '', 1),
(1081, 100, 6, 'cuota', 110000, '2022-11-21 16:27:48', '', 1),
(1082, 188, 6, 'cuota', 110000, '2022-11-21 16:28:11', '', 1),
(1083, 135, 6, 'cuota', 100000, '2022-11-21 16:28:27', '', 1),
(1084, 126, 6, 'cuota', 100000, '2022-11-21 16:28:46', '', 1),
(1085, 155, 6, 'cuota', 50000, '2022-11-21 16:29:03', '', 1),
(1086, 109, 6, 'cuota', 130000, '2022-11-21 16:29:55', '', 1),
(1087, 83, 6, 'cuota', 20000, '2022-11-21 16:30:18', '', 1),
(1088, 184, 6, 'cuota', 150000, '2022-11-21 16:30:56', '', 1),
(1089, 35, 6, 'cuota', 140000, '2022-11-21 16:31:42', '', 1),
(1090, 133, 6, 'cuota', 110000, '2022-11-21 16:32:16', '', 1),
(1091, 90, 6, 'cuota', 110000, '2022-11-21 16:32:51', '', 1),
(1092, 138, 6, 'cuota', 50000, '2022-11-21 16:33:17', '', 1),
(1093, 91, 6, 'cuota', 110000, '2022-11-21 16:33:46', '', 1),
(1094, 206, 6, 'cuota', 220000, '2022-11-21 16:34:05', '', 1),
(1095, 130, 6, 'cuota', 50000, '2022-11-21 16:34:23', '', 1),
(1096, 185, 6, 'cuota', 110000, '2022-11-21 16:47:18', '', 1),
(1097, 148, 6, 'cuota', 110000, '2022-11-21 16:47:46', '', 1),
(1098, 189, 6, 'cuota', 110000, '2022-11-21 16:48:02', '', 1),
(1099, 212, 6, 'cuota', 150000, '2022-11-21 16:48:30', '', 1),
(1100, 78, 6, 'cuota', 80000, '2022-11-21 16:49:23', '', 1),
(1101, 78, 6, 'cuota', 20000, '2022-11-21 16:49:46', '', 1),
(1102, 80, 6, 'cuota', 110000, '2022-11-21 16:50:04', '', 1),
(1103, 31, 6, 'cuota', 100000, '2022-11-21 16:50:30', '', 1),
(1104, 119, 6, 'cuota', 110000, '2022-11-21 16:50:53', '', 1),
(1105, 116, 6, 'cuota', 110000, '2022-11-21 16:51:15', '', 1),
(1106, 25, 6, 'cuota', 20000, '2022-11-21 16:51:40', '', 1),
(1107, 125, 6, 'cuota', 100000, '2022-11-21 16:54:28', '', 1),
(1108, 132, 6, 'cuota', 110000, '2022-11-21 16:54:43', '', 1),
(1109, 193, 6, 'cuota', 100000, '2022-11-21 16:55:00', '', 1),
(1110, 193, 6, 'cuota', 100000, '2022-11-22 06:09:47', '', 1),
(1111, 21, 6, 'cuota', 110000, '2022-11-22 06:10:26', '', 1),
(1112, 147, 6, 'cuota', 110000, '2022-11-22 06:10:45', '', 1),
(1113, 31, 6, 'cuota', 100000, '2022-11-22 06:11:02', '', 1),
(1114, 154, 6, 'cuota', 110000, '2022-11-22 06:11:48', '', 1),
(1115, 134, 6, 'cuota', 110000, '2022-11-22 06:12:36', '', 1),
(1116, 172, 6, 'cuota', 100000, '2022-11-22 06:13:21', '', 1),
(1117, 72, 6, 'cuota', 110000, '2022-11-22 06:13:50', '', 1),
(1118, 30, 6, 'cuota', 110000, '2022-11-22 06:14:20', '', 1),
(1119, 49, 6, 'cuota', 220000, '2022-11-22 06:15:05', '', 1),
(1120, 140, 6, 'cuota', 120000, '2022-11-22 06:15:37', '', 1),
(1121, 139, 6, 'cuota', 110000, '2022-11-22 06:16:11', '', 1),
(1122, 71, 6, 'cuota', 110000, '2022-11-22 06:16:32', '', 1),
(1123, 200, 6, 'cuota', 50000, '2022-11-22 06:16:50', '', 1),
(1124, 200, 6, 'cuota', 10000, '2022-11-22 06:17:28', '', 1),
(1125, 96, 6, 'cuota', 50000, '2022-11-22 06:18:07', '', 1),
(1126, 205, 6, 'cuota', 110000, '2022-11-22 06:18:28', '', 1),
(1127, 84, 6, 'cuota', 50000, '2022-11-22 06:18:46', '', 1),
(1128, 145, 6, 'cuota', 100000, '2022-11-22 06:19:19', '', 1),
(1129, 83, 6, 'cuota', 40000, '2022-11-22 06:19:45', '', 1),
(1130, 140, 6, 'cuota', 10000, '2022-11-22 06:20:14', '', 1),
(1131, 53, 6, 'cuota', 110000, '2022-11-22 06:20:45', '', 1),
(1132, 66, 6, 'cuota', 40000, '2022-11-22 06:21:01', '', 1),
(1133, 65, 6, 'cuota', 20000, '2022-11-22 06:21:25', '', 1),
(1134, 65, 6, 'cuota', 30000, '2022-11-22 06:21:48', '', 1),
(1135, 214, 6, 'cuota', 110000, '2022-11-22 06:22:15', '', 1),
(1136, 157, 6, 'cuota', 110000, '2022-11-22 06:22:34', '', 1),
(1137, 177, 6, 'cuota', 110000, '2022-11-22 06:22:51', '', 1),
(1138, 150, 6, 'cuota', 110000, '2022-11-22 06:23:07', '', 1),
(1139, 50, 6, 'cuota', 110000, '2022-11-22 06:23:27', '', 1),
(1140, 81, 6, 'cuota', 150000, '2022-11-22 06:23:51', '', 1),
(1141, 55, 6, 'cuota', 110000, '2022-11-22 06:24:18', '', 1),
(1142, 67, 6, 'cuota', 100000, '2022-11-22 06:31:14', '', 1),
(1143, 113, 6, 'cuota', 110000, '2022-11-22 06:33:07', '', 1),
(1144, 160, 6, 'cuota', 110000, '2022-11-22 06:33:26', '', 1),
(1145, 123, 6, 'cuota', 50000, '2022-11-22 06:33:43', '', 1),
(1146, 91, 6, 'cuota', 220000, '2022-11-22 06:35:05', '', 1),
(1147, 44, 6, 'cuota', 110000, '2022-11-22 06:35:27', '', 1),
(1148, 130, 6, 'cuota', 60000, '2022-11-22 06:35:47', '', 1),
(1149, 191, 6, 'cuota', 110000, '2022-11-22 06:36:06', '', 1),
(1150, 108, 6, 'cuota', 110000, '2022-11-22 06:37:25', '', 1),
(1151, 155, 6, 'cuota', 60000, '2022-11-22 06:37:47', '', 1),
(1152, 151, 6, 'cuota', 110000, '2022-11-22 06:38:08', '', 1),
(1153, 59, 6, 'cuota', 150000, '2022-11-22 06:38:34', '', 1),
(1154, 174, 6, 'cuota', 110000, '2022-11-22 06:39:01', '', 1),
(1155, 84, 6, 'cuota', 100000, '2022-11-22 06:39:19', '', 1),
(1156, 84, 6, 'cuota', 100000, '2022-11-22 06:39:43', '', 1),
(1157, 96, 6, 'cuota', 50000, '2022-11-22 06:40:04', '', 1),
(1158, 163, 6, 'cuota', 110000, '2022-11-22 06:41:14', '', 1),
(1159, 16, 6, 'cuota', 110000, '2022-11-22 06:41:40', '', 1),
(1160, 101, 6, 'cuota', 100000, '2022-11-22 06:41:58', '', 1),
(1161, 69, 6, 'cuota', 300000, '2022-11-22 06:42:17', '', 1),
(1162, 56, 6, 'cuota', 100000, '2022-11-22 06:42:33', '', 1),
(1163, 56, 6, 'cuota', 100000, '2022-11-22 06:42:51', '', 1),
(1164, 28, 6, 'cuota', 110000, '2022-11-22 06:43:19', '', 1),
(1165, 28, 6, 'cuota', 70000, '2022-11-22 06:44:28', '', 1),
(1166, 61, 6, 'cuota', 110000, '2022-11-22 06:44:44', '', 1),
(1167, 97, 6, 'cuota', 110000, '2022-11-22 06:45:07', '', 1),
(1168, 99, 5, 'cuota', 110000, '2022-11-22 08:48:26', '', 1),
(1169, 99, 5, 'cuota', 80000, '2022-11-22 09:19:58', '', 1),
(1170, 92, 6, 'cuota', 50000, '2022-11-23 07:09:30', '1345', 1),
(1171, 92, 6, 'cuota', 150000, '2022-11-23 07:10:22', '1356', 1),
(1172, 92, 6, 'cuota', 80000, '2022-11-23 07:11:13', 'Derecho a grado', 1),
(1173, 92, 6, 'cuota', 50000, '2022-11-23 07:12:01', '1363', 1),
(1174, 56, 5, 'cuota', 110000, '2022-11-23 10:50:31', '', 0),
(1176, 193, 4, 'cuota', 100000, '2022-11-25 20:56:39', '', 1),
(1177, 193, 4, 'cuota', 100000, '2022-11-25 20:57:44', '', 1),
(1178, 69, 4, 'cuota', 100000, '2022-11-25 20:58:11', '', 1),
(1180, 36, 4, 'cuota', 80000, '2022-11-25 21:03:10', '', 1),
(1181, 27, 4, 'cuota', 190000, '2022-11-25 21:05:14', '', 1),
(1182, 188, 4, 'cuota', 110000, '2022-11-26 12:51:46', '', 1),
(1183, 127, 4, 'cuota', 40000, '2022-11-26 13:55:18', '', 1),
(1184, 219, 4, 'cuota', 110000, '2022-11-26 13:59:09', '', 1),
(1185, 169, 4, 'cuota', 220000, '2022-11-26 14:03:02', '', 1),
(1187, 91, 4, 'cuota', 80000, '2022-11-26 15:36:32', '', 1),
(1189, 175, 4, 'cuota', 550000, '2022-11-26 18:43:10', '', 1),
(1190, 91, 1, 'cuota', 80000, '2022-11-28 09:38:43', '', 0),
(1192, 72, 4, 'cuota', 190000, '2022-11-28 19:42:23', '', 1);

--
-- Disparadores `pago`
--
DELIMITER $$
CREATE TRIGGER `tr_udpPagado` AFTER INSERT ON `pago` FOR EACH ROW BEGIN
    IF NEW.`tipo_pago`='cuota'
        THEN
        UPDATE matricula SET pagado = pagado + NEW.pago
        WHERE matricula.idmatricula = NEW.idmatricula;
    ELSEIF NEW.`tipo_pago`='semestral'
        THEN
        UPDATE matricula SET pagado = pagado + (precio_mes*6)
        WHERE matricula.idmatricula = NEW.idmatricula;
    ELSEIF NEW.`tipo_pago`='seguro'
        THEN
        UPDATE matricula SET seguro = 1
        WHERE matricula.idmatricula = NEW.idmatricula;
    END IF;
END
$$
DELIMITER ;
DELIMITER $$
CREATE TRIGGER `tr_udpPagoAnulado` BEFORE UPDATE ON `pago` FOR EACH ROW BEGIN
    IF OLD.`tipo_pago`='cuota'
        THEN
        UPDATE matricula SET pagado = pagado - OLD.pago
        WHERE matricula.idmatricula = OLD.idmatricula;
    ELSEIF OLD.`tipo_pago`='semestral'
        THEN
        UPDATE matricula SET pagado = pagado - (precio_mes*6)
        WHERE matricula.idmatricula = OLD.idmatricula;
    ELSEIF NEW.`tipo_pago`='seguro'
        THEN
        UPDATE matricula SET seguro = 0
        WHERE matricula.idmatricula = OLD.idmatricula;
    END IF;
END
$$
DELIMITER ;

-- --------------------------------------------------------

--
-- Estructura de tabla para la tabla `permiso`
--

CREATE TABLE `permiso` (
  `idpermiso` int(11) NOT NULL,
  `nombre` varchar(30) NOT NULL
) ENGINE=InnoDB DEFAULT CHARSET=utf8;

--
-- Volcado de datos para la tabla `permiso`
--

INSERT INTO `permiso` (`idpermiso`, `nombre`) VALUES
(1, 'Escritorio'),
(2, 'Estudiante'),
(3, 'Programa'),
(4, 'Matriculas'),
(5, 'Pagos'),
(6, 'Ajustes');

-- --------------------------------------------------------

--
-- Estructura de tabla para la tabla `persona`
--

CREATE TABLE `persona` (
  `idpersona` int(11) NOT NULL,
  `tipo_persona` varchar(20) NOT NULL,
  `nombre` varchar(100) NOT NULL,
  `tipo_documento` varchar(20) DEFAULT NULL,
  `num_documento` varchar(20) DEFAULT NULL,
  `direccion` varchar(70) DEFAULT NULL,
  `telefono` varchar(20) DEFAULT NULL,
  `email` varchar(50) DEFAULT NULL
) ENGINE=InnoDB DEFAULT CHARSET=utf8;

--
-- Volcado de datos para la tabla `persona`
--

INSERT INTO `persona` (`idpersona`, `tipo_persona`, `nombre`, `tipo_documento`, `num_documento`, `direccion`, `telefono`, `email`) VALUES
(2833, 'Proveedor', 'Johan Gonzalez', 'DNI', '111111111', '', '', ''),
(2834, 'Proveedor', 'Johan Torres', 'DNI', '1111111', '', '', ''),
(2835, 'Proveedor', 'Chef Santiago', 'DNI', '222222222222', '', '', ''),
(2836, 'Proveedor', 'Katherine Cabarico', 'DNI', '111111111111', '', '', ''),
(2837, 'Cliente', 'Clientes varios', 'CEDULA', '11111111111', '', '', ''),
(2838, 'Cliente', 'Johan Gonzalez', 'CEDULA', '19901422', 'CALLE 20 #12 - 46', '3152170468', 'JOHANDJMERIDA2112@GMAIL.COM'),
(2839, 'Cliente', 'Dr Edwin Rodriguez', 'CEDULA', '000000000', 'CAR. 41 #14-85', '3213591295', '');

-- --------------------------------------------------------

--
-- Estructura de tabla para la tabla `programa`
--

CREATE TABLE `programa` (
  `idprograma` int(11) NOT NULL,
  `nombre` varchar(80) NOT NULL,
  `resolucion` varchar(6) NOT NULL,
  `licencia` varchar(5) NOT NULL,
  `fecha_expedicion` date NOT NULL,
  `fecha_vencimiento` date NOT NULL,
  `codigo` varchar(5) NOT NULL,
  `semestre` int(1) NOT NULL,
  `decreto` varchar(5) NOT NULL,
  `condicion` tinyint(1) NOT NULL
) ENGINE=InnoDB DEFAULT CHARSET=utf8;

--
-- Volcado de datos para la tabla `programa`
--

INSERT INTO `programa` (`idprograma`, `nombre`, `resolucion`, `licencia`, `fecha_expedicion`, `fecha_vencimiento`, `codigo`, `semestre`, `decreto`, `condicion`) VALUES
(1, 'Técnico laboral por competencias en AUXILIAR CONTABLE Y FINANCIERO', '4091', '83', '2019-12-19', '2024-12-20', '1331', 3, '1075', 1),
(3, 'Técnico laboral por competencias en SEGURIDAD OCUPACIONAL', '4088', '83', '2019-12-19', '2024-12-19', '2313', 2, '1075', 1),
(4, 'Técnico laboral por competencias en AUXILIAR EN PRIMERA INFANCIA', '4089', '83', '2019-12-19', '2024-12-19', '4311', 2, '1075', 1),
(5, 'T?cnico laboral por competencias en SISTEMAS', '3757', '83', '2017-10-23', '2022-10-23', '2281', 2, '1075', 0),
(6, 'Técnico laboral por competencias en AUXILIAR ADMINISTRATIVO', '3756', '83', '2017-10-23', '2022-10-23', '1341', 2, '1075', 1),
(7, 'T?cnico en NEGOCIACION INTERNACIONAL', '275', '83', '2016-10-26', '2021-10-26', '', 2, '4904', 0),
(8, 'Técnico laboral por competencias en ORGANIZACION DE ARCHIVO', '4278', '83', '2016-12-23', '2021-12-23', '1229', 2, '1075', 1),
(9, 'T?cnico laboral `por competencias en OFIMATICA', '4420', '83', '2014-12-11', '2019-12-11', '', 2, '4904', 0),
(10, 'T?nico laboral por competencia en CONTABILIDAD Y FINANZAS', '4404', '83', '2014-12-11', '2019-12-11', '1331', 3, '4904', 0),
(11, 'T?cnico laboral por competencias en SEGURIDAD OCUPACIONAL ', '2894', '83', '2014-09-08', '2019-09-08', '2313', 2, '4904', 0),
(12, 'T?cnico laboral por competencias en ATENCION INTEGRAL A LA PRIMERA INFANCIA', '2862', '83', '2014-09-04', '2019-09-04', '4311', 2, '4904', 0),
(13, 'T?nico ASISTENTE EN ADMINISTRACION EMPRESARIAL', '276', '83', '2012-02-15', '2017-02-15', '', 2, '4904', 0),
(14, 'T?cnico en SISTEMAS ', '272', '83', '2012-02-15', '2017-02-15', '2281', 2, '4904', 0),
(15, 'T?cnico en ORGANIZACI?N DE ARCHIVO ', '274', '83', '2012-02-15', '2017-02-15', '1229', 2, '4904', 0),
(16, 'T?nico academico en FORMACION BILING?E ESPECIALIDAD INGLES ', '3289', '83', '2012-12-06', '2017-12-06', '4131', 2, '4904', 0),
(17, 'T?cnico laboral por competencia en ASISTENCIA EN OFIMATICA', '1199', '83', '2002-05-09', '2007-05-09', '2331', 2, '4904', 0),
(18, 'Secretariado General en sistemas ', '17', '1044', '1997-01-22', '1997-01-22', '', 2, '167', 0),
(19, 'Contabilidad Sistematizada ', '17', '1044', '1997-01-22', '1997-01-22', '1321', 2, '167', 0),
(20, 'Digitador en Sistemas ', '17', '1044', '1997-01-22', '1997-01-22', '', 2, '167', 0);

-- --------------------------------------------------------

--
-- Estructura de tabla para la tabla `usuario`
--

CREATE TABLE `usuario` (
  `idusuario` int(11) NOT NULL,
  `nombre` varchar(100) NOT NULL,
  `tipo_documento` varchar(20) NOT NULL,
  `num_documento` varchar(20) NOT NULL,
  `direccion` varchar(70) DEFAULT NULL,
  `telefono` varchar(20) DEFAULT NULL,
  `email` varchar(50) DEFAULT NULL,
  `cargo` varchar(20) DEFAULT NULL,
  `login` varchar(20) NOT NULL,
  `clave` varchar(64) NOT NULL,
  `imagen` varchar(50) NOT NULL,
  `condicion` tinyint(4) NOT NULL DEFAULT '1'
) ENGINE=InnoDB DEFAULT CHARSET=utf8;

--
-- Volcado de datos para la tabla `usuario`
--

INSERT INTO `usuario` (`idusuario`, `nombre`, `tipo_documento`, `num_documento`, `direccion`, `telefono`, `email`, `cargo`, `login`, `clave`, `imagen`, `condicion`) VALUES
(1, 'William', 'CC', '72154871', 'Calle los alpes 210', '547821', 'direccion@institutolafrontera.co', 'gerente', 'admin', '21ed6c468991cce9e6260565e736654b7ef93afe780928126da2aabaa20569c7', '1629074758.png', 1),
(2, 'prueba', 'CEDULA', '30115425', 'calle los jirasoles 450', '054789521', 'juan@hotmail.com', 'empleado', 'juan', 'b1e7ad7cb659c6c7a544106daf2a860068bdabf33f6c6feb6aa9b542b3c15e23', '1535417486.jpg', 0),
(4, 'Luz Belia Martinez', 'CC', '24794531', 'av marquez del toro, 19 b', '3172975270', 'gejocevad@gmail.com', 'Secretaria', 'luz', 'fd28b9b6de9dbfb818ce2852011f56303fd6ce8d94a0a99af9e3fadbaea2bb69', '1667575463.jpeg', 1),
(5, 'Gerald Castillo', 'CC', '24794531', 'Arauca', '3172161553', 'gejocad@gmail.com', 'Secretario', 'gerald', 'fed0ceb70f4c5f4d061a474f444b0b17b2c78f6149b179f9965d140eff351f51', '1667574889.png', 1),
(6, 'Diego', 'CC', '123465789', 'Arauca', '6515612185', 'diego@gmail.com', 'Secretario', 'diego', '5e249605e957352451484fd4fca2cc239447c57f63b17e5b6aa69b8c4bc1f77d', '', 1);

-- --------------------------------------------------------

--
-- Estructura de tabla para la tabla `usuario_permiso`
--

CREATE TABLE `usuario_permiso` (
  `idusuario_permiso` int(11) NOT NULL,
  `idusuario` int(11) NOT NULL,
  `idpermiso` int(11) NOT NULL
) ENGINE=InnoDB DEFAULT CHARSET=utf8;

--
-- Volcado de datos para la tabla `usuario_permiso`
--

INSERT INTO `usuario_permiso` (`idusuario_permiso`, `idusuario`, `idpermiso`) VALUES
(119, 7, 4),
(120, 8, 4),
(121, 2, 1),
(122, 2, 4),
(153, 6, 2),
(154, 6, 3),
(155, 6, 4),
(195, 1, 1),
(196, 1, 2),
(197, 1, 3),
(198, 1, 4),
(199, 1, 5),
(200, 1, 6),
(209, 6, 1),
(210, 6, 2),
(211, 6, 3),
(212, 6, 4),
(213, 6, 5),
(214, 4, 1),
(215, 4, 2),
(216, 4, 4),
(217, 4, 5),
(218, 5, 1),
(219, 5, 2),
(220, 5, 4),
(221, 5, 5);

--
-- Índices para tablas volcadas
--

--
-- Indices de la tabla `bono`
--
ALTER TABLE `bono`
  ADD PRIMARY KEY (`idbono`),
  ADD KEY `idmatricula` (`idmatricula`);

--
-- Indices de la tabla `estudiante`
--
ALTER TABLE `estudiante`
  ADD PRIMARY KEY (`idestudiante`);

--
-- Indices de la tabla `horario`
--
ALTER TABLE `horario`
  ADD PRIMARY KEY (`idhorario`);

--
-- Indices de la tabla `lugar`
--
ALTER TABLE `lugar`
  ADD PRIMARY KEY (`idlugar`);

--
-- Indices de la tabla `matricula`
--
ALTER TABLE `matricula`
  ADD PRIMARY KEY (`idmatricula`),
  ADD KEY `idestudiante` (`idestudiante`),
  ADD KEY `idprograma` (`idprograma`),
  ADD KEY `idhorario` (`idhorario`);

--
-- Indices de la tabla `pago`
--
ALTER TABLE `pago`
  ADD PRIMARY KEY (`idpago`),
  ADD KEY `idmatricula` (`idmatricula`);

--
-- Indices de la tabla `permiso`
--
ALTER TABLE `permiso`
  ADD PRIMARY KEY (`idpermiso`);

--
-- Indices de la tabla `persona`
--
ALTER TABLE `persona`
  ADD PRIMARY KEY (`idpersona`);

--
-- Indices de la tabla `programa`
--
ALTER TABLE `programa`
  ADD PRIMARY KEY (`idprograma`);

--
-- Indices de la tabla `usuario`
--
ALTER TABLE `usuario`
  ADD PRIMARY KEY (`idusuario`),
  ADD UNIQUE KEY `login_UNIQUE` (`login`);

--
-- Indices de la tabla `usuario_permiso`
--
ALTER TABLE `usuario_permiso`
  ADD PRIMARY KEY (`idusuario_permiso`),
  ADD KEY `fk_u_permiso_usuario_idx` (`idusuario`),
  ADD KEY `fk_usuario_permiso_idx` (`idpermiso`);

--
-- AUTO_INCREMENT de las tablas volcadas
--

--
-- AUTO_INCREMENT de la tabla `bono`
--
ALTER TABLE `bono`
  MODIFY `idbono` int(11) NOT NULL AUTO_INCREMENT, AUTO_INCREMENT=6;

--
-- AUTO_INCREMENT de la tabla `estudiante`
--
ALTER TABLE `estudiante`
  MODIFY `idestudiante` int(11) NOT NULL AUTO_INCREMENT, AUTO_INCREMENT=337;

--
-- AUTO_INCREMENT de la tabla `horario`
--
ALTER TABLE `horario`
  MODIFY `idhorario` int(11) NOT NULL AUTO_INCREMENT, AUTO_INCREMENT=10;

--
-- AUTO_INCREMENT de la tabla `lugar`
--
ALTER TABLE `lugar`
  MODIFY `idlugar` int(11) NOT NULL AUTO_INCREMENT, AUTO_INCREMENT=1112;

--
-- AUTO_INCREMENT de la tabla `matricula`
--
ALTER TABLE `matricula`
  MODIFY `idmatricula` int(11) NOT NULL AUTO_INCREMENT, AUTO_INCREMENT=246;

--
-- AUTO_INCREMENT de la tabla `pago`
--
ALTER TABLE `pago`
  MODIFY `idpago` int(11) NOT NULL AUTO_INCREMENT, AUTO_INCREMENT=1194;

--
-- AUTO_INCREMENT de la tabla `permiso`
--
ALTER TABLE `permiso`
  MODIFY `idpermiso` int(11) NOT NULL AUTO_INCREMENT, AUTO_INCREMENT=8;

--
-- AUTO_INCREMENT de la tabla `persona`
--
ALTER TABLE `persona`
  MODIFY `idpersona` int(11) NOT NULL AUTO_INCREMENT, AUTO_INCREMENT=2840;

--
-- AUTO_INCREMENT de la tabla `programa`
--
ALTER TABLE `programa`
  MODIFY `idprograma` int(11) NOT NULL AUTO_INCREMENT, AUTO_INCREMENT=21;

--
-- AUTO_INCREMENT de la tabla `usuario`
--
ALTER TABLE `usuario`
  MODIFY `idusuario` int(11) NOT NULL AUTO_INCREMENT, AUTO_INCREMENT=7;

--
-- AUTO_INCREMENT de la tabla `usuario_permiso`
--
ALTER TABLE `usuario_permiso`
  MODIFY `idusuario_permiso` int(11) NOT NULL AUTO_INCREMENT, AUTO_INCREMENT=222;
COMMIT;

/*!40101 SET CHARACTER_SET_CLIENT=@OLD_CHARACTER_SET_CLIENT */;
/*!40101 SET CHARACTER_SET_RESULTS=@OLD_CHARACTER_SET_RESULTS */;
/*!40101 SET COLLATION_CONNECTION=@OLD_COLLATION_CONNECTION */;
